/*
 Navicat Premium Data Transfer

 Source Server         : top_level8.0
 Source Server Type    : MySQL
 Source Server Version : 80021
 Source Host           : 39.97.114.146:3307
 Source Schema         : mhzc_v1

 Target Server Type    : MySQL
 Target Server Version : 80021
 File Encoding         : 65001

 Date: 06/12/2020 21:28:54
*/

SET NAMES utf8mb4;
SET FOREIGN_KEY_CHECKS = 0;

-- ----------------------------
-- Table structure for applet
-- ----------------------------
DROP TABLE IF EXISTS `applet`;
CREATE TABLE `applet`  (
  `id` varchar(40) CHARACTER SET utf8mb4 COLLATE utf8mb4_0900_ai_ci NOT NULL COMMENT '主键id',
  `applet_id` varchar(255) CHARACTER SET utf8mb4 COLLATE utf8mb4_0900_ai_ci NULL DEFAULT NULL COMMENT '小程序appid',
  `applet_secret` varchar(255) CHARACTER SET utf8mb4 COLLATE utf8mb4_0900_ai_ci NULL DEFAULT NULL COMMENT '小程序app_secret',
  `wechat_pay_merchant` varchar(255) CHARACTER SET utf8mb4 COLLATE utf8mb4_0900_ai_ci NULL DEFAULT NULL COMMENT '微信支付商号',
  `wechat_pay_api_key` varchar(255) CHARACTER SET utf8mb4 COLLATE utf8mb4_0900_ai_ci NULL DEFAULT NULL COMMENT '微信支付api密钥',
  `api_client_cert` varchar(255) CHARACTER SET utf8mb4 COLLATE utf8mb4_0900_ai_ci NULL DEFAULT NULL COMMENT '微信支付apiclient_cert.pem',
  `api_client_key` varchar(255) CHARACTER SET utf8mb4 COLLATE utf8mb4_0900_ai_ci NULL DEFAULT NULL COMMENT '微信支付apiclient_key.pem',
  `create_on` timestamp(0) NULL DEFAULT CURRENT_TIMESTAMP(0) COMMENT '创建时间',
  `create_by` varchar(255) CHARACTER SET utf8mb4 COLLATE utf8mb4_unicode_ci NULL DEFAULT NULL COMMENT '创建人',
  `update_on` timestamp(0) NULL DEFAULT NULL ON UPDATE CURRENT_TIMESTAMP(0) COMMENT '修改时间',
  `update_by` varchar(255) CHARACTER SET utf8mb4 COLLATE utf8mb4_unicode_ci NULL DEFAULT NULL COMMENT '修改人',
  `deleted` tinyint(1) NULL DEFAULT 0 COMMENT '逻辑删除 0:未删除,1已删除',
  PRIMARY KEY (`id`) USING BTREE
) ENGINE = InnoDB CHARACTER SET = utf8mb4 COLLATE = utf8mb4_0900_ai_ci ROW_FORMAT = Dynamic;

-- ----------------------------
-- Records of applet
-- ----------------------------
INSERT INTO `applet` VALUES ('07291ee5d3374535a5323997dd6b2709', '12321', '12321', '213123', '123123', '12312312', '3123', '2020-11-03 02:26:23', 'shanghu2', NULL, NULL, 0);
INSERT INTO `applet` VALUES ('28bf8ba419b64aa4838c3dc892b0e920', '131333', '123', '123', '123', '123', '123', '2020-11-04 06:12:45', 'shanghu2', '2020-11-04 06:45:20', 'shanghu2', 0);
INSERT INTO `applet` VALUES ('2986075482f343fdbaf3efc89e224b37', '123123', '12312', '123', '123', '123', '123', '2020-11-04 06:55:28', 'shanghu2', NULL, NULL, 0);
INSERT INTO `applet` VALUES ('3977dbb4936f4244ae15d8ac41d33c5b', '132', '123', '123', '123', '123', '123', '2020-11-04 06:10:25', 'shanghu2', NULL, NULL, 0);
INSERT INTO `applet` VALUES ('42a6f930cc264fcb8464d9d45fec2614', 'appid123456', 'appletSecret123456', NULL, NULL, NULL, NULL, '2020-11-03 02:17:19', 'admin123', NULL, NULL, 0);
INSERT INTO `applet` VALUES ('5df2393fd4d746b6be7270b5c96e7c25', '33331231233', '12312', '123', '123', '123', '123', '2020-11-04 06:55:32', 'shanghu2', '2020-11-04 06:57:16', 'shanghu2', 0);
INSERT INTO `applet` VALUES ('7341b5be6c1c45f5bd72659318f34949', '123', '123', '123', '123', '123', '123', '2020-11-04 10:02:15', 'admin1', NULL, NULL, 0);
INSERT INTO `applet` VALUES ('7ca9104047444000aae9e608f9d4c9e2', '11231', '123', '123', '123', '123', '123', '2020-11-04 06:05:45', 'shanghu2', NULL, NULL, 0);
INSERT INTO `applet` VALUES ('8095527f3c0642e6b1af58b0f8b31a13', 'appid1234567', 'appletSecret1234567', NULL, NULL, NULL, NULL, '2020-11-01 09:23:50', 'admin123', '2020-11-01 09:26:10', 'admin123', 0);
INSERT INTO `applet` VALUES ('964b74b0b90745b08005d1b3b7803a4d', '12312', '123123', '123123', '123123', '132312', '123123', '2020-11-04 06:58:04', 'admin1', NULL, NULL, 0);
INSERT INTO `applet` VALUES ('c2c7a07fd2d841948896b0e760224f96', 'appid123456', 'appletSecret123456', NULL, NULL, NULL, NULL, '2020-11-03 02:07:05', 'admin123', NULL, NULL, 0);

-- ----------------------------
-- Table structure for log
-- ----------------------------
DROP TABLE IF EXISTS `log`;
CREATE TABLE `log`  (
  `id` int(0) NOT NULL AUTO_INCREMENT,
  `admin` varchar(45) CHARACTER SET utf8mb4 COLLATE utf8mb4_unicode_ci NULL DEFAULT NULL COMMENT '管理员',
  `ip` varchar(45) CHARACTER SET utf8mb4 COLLATE utf8mb4_unicode_ci NULL DEFAULT NULL COMMENT '管理员地址',
  `type` int(0) NULL DEFAULT NULL COMMENT '操作分类',
  `action` varchar(45) CHARACTER SET utf8mb4 COLLATE utf8mb4_unicode_ci NULL DEFAULT NULL COMMENT '操作动作',
  `status` tinyint(1) NULL DEFAULT NULL COMMENT '操作状态',
  `result` varchar(127) CHARACTER SET utf8mb4 COLLATE utf8mb4_unicode_ci NULL DEFAULT NULL COMMENT '操作结果，或者成功消息，或者失败消息',
  `comment` varchar(255) CHARACTER SET utf8mb4 COLLATE utf8mb4_unicode_ci NULL DEFAULT NULL COMMENT '补充信息',
  `add_time` datetime(0) NULL DEFAULT NULL COMMENT '创建时间',
  `update_time` datetime(0) NULL DEFAULT NULL COMMENT '更新时间',
  `deleted` tinyint(1) NULL DEFAULT 0 COMMENT '逻辑删除',
  PRIMARY KEY (`id`) USING BTREE
) ENGINE = InnoDB AUTO_INCREMENT = 496 CHARACTER SET = utf8mb4 COLLATE = utf8mb4_unicode_ci COMMENT = '操作日志表' ROW_FORMAT = Dynamic;

-- ----------------------------
-- Records of log
-- ----------------------------
INSERT INTO `log` VALUES (72, 'admin123', '0:0:0:0:0:0:0:1', 1, '登录', 1, '', '', '2020-10-03 20:00:34', '2020-10-03 20:00:34', 0);
INSERT INTO `log` VALUES (73, 'admin123', '0:0:0:0:0:0:0:1', 1, '登录', 1, '', '', '2020-10-03 20:03:16', '2020-10-03 20:03:16', 0);
INSERT INTO `log` VALUES (74, 'admin123', '0:0:0:0:0:0:0:1', 1, '登录', 1, '', '', '2020-10-03 20:08:35', '2020-10-03 20:08:35', 0);
INSERT INTO `log` VALUES (75, 'admin123', '0:0:0:0:0:0:0:1', 1, '登录', 0, '用户帐号或密码不正确', '', '2020-10-03 20:08:51', '2020-10-03 20:08:51', 0);
INSERT INTO `log` VALUES (76, 'admin123', '0:0:0:0:0:0:0:1', 1, '登录', 1, '', '', '2020-10-03 20:09:05', '2020-10-03 20:09:05', 0);
INSERT INTO `log` VALUES (77, 'admin123', '0:0:0:0:0:0:0:1', 1, '登录', 1, '', '', '2020-10-03 20:09:26', '2020-10-03 20:09:26', 0);
INSERT INTO `log` VALUES (78, 'admin123', '0:0:0:0:0:0:0:1', 1, '登录', 1, '', '', '2020-10-03 20:10:48', '2020-10-03 20:10:48', 0);
INSERT INTO `log` VALUES (79, 'admin123', '0:0:0:0:0:0:0:1', 1, '登录', 1, '', '', '2020-10-03 20:22:14', '2020-10-03 20:22:14', 0);
INSERT INTO `log` VALUES (80, 'admin123', '0:0:0:0:0:0:0:1', 1, '登录', 1, '', '', '2020-10-03 20:24:58', '2020-10-03 20:24:58', 0);
INSERT INTO `log` VALUES (81, 'admin123', '0:0:0:0:0:0:0:1', 1, '登录', 1, '', '', '2020-10-03 20:46:41', '2020-10-03 20:46:41', 0);
INSERT INTO `log` VALUES (82, 'admin123', '0:0:0:0:0:0:0:1', 1, '登录', 1, '', '', '2020-10-03 20:54:25', '2020-10-03 20:54:25', 0);
INSERT INTO `log` VALUES (83, 'admin123', '0:0:0:0:0:0:0:1', 1, '登录', 1, '', '', '2020-10-03 20:54:56', '2020-10-03 20:54:56', 0);
INSERT INTO `log` VALUES (84, '匿名用户', '0:0:0:0:0:0:0:1', 1, '登录', 0, '用户帐号或密码不正确', '', '2020-10-20 21:41:34', '2020-10-20 21:41:34', 0);
INSERT INTO `log` VALUES (85, 'admin123', '0:0:0:0:0:0:0:1', 1, '登录', 1, '', '', '2020-10-20 21:41:41', '2020-10-20 21:41:41', 0);
INSERT INTO `log` VALUES (86, 'admin123', '0:0:0:0:0:0:0:1', 1, '登录', 1, '', '', '2020-10-20 21:43:57', '2020-10-20 21:43:57', 0);
INSERT INTO `log` VALUES (87, 'admin123', '0:0:0:0:0:0:0:1', 1, '登录', 1, '', '', '2020-10-20 21:45:56', '2020-10-20 21:45:56', 0);
INSERT INTO `log` VALUES (88, 'admin123', '0:0:0:0:0:0:0:1', 1, '登录', 1, '', '', '2020-10-20 21:48:00', '2020-10-20 21:48:00', 0);
INSERT INTO `log` VALUES (89, 'admin123', '0:0:0:0:0:0:0:1', 1, '登录', 1, '', '', '2020-10-20 21:49:07', '2020-10-20 21:49:07', 0);
INSERT INTO `log` VALUES (90, 'admin123', '0:0:0:0:0:0:0:1', 1, '登录', 1, '', '', '2020-10-20 22:10:23', '2020-10-20 22:10:23', 0);
INSERT INTO `log` VALUES (91, 'admin123', '106.47.103.22', 1, '登录', 1, '', '', '2020-10-20 22:15:51', '2020-10-20 22:15:51', 0);
INSERT INTO `log` VALUES (92, 'admin123', '123.119.237.29', 1, '登录', 1, '', '', '2020-10-20 22:16:34', '2020-10-20 22:16:34', 0);
INSERT INTO `log` VALUES (93, 'admin123', '106.47.103.22', 1, '登录', 1, '', '', '2020-10-20 22:46:40', '2020-10-20 22:46:40', 0);
INSERT INTO `log` VALUES (94, 'admin123', '123.119.237.29', 1, '删除管理员', 1, 'mall123', '', '2020-10-20 23:24:11', '2020-10-20 23:24:11', 0);
INSERT INTO `log` VALUES (95, 'admin123', '123.119.237.29', 1, '删除管理员', 1, 'promotion123', '', '2020-10-20 23:24:13', '2020-10-20 23:24:13', 0);
INSERT INTO `log` VALUES (96, 'admin123', '123.119.237.29', 1, '添加管理员', 1, 'mall111', '', '2020-10-20 23:24:53', '2020-10-20 23:24:53', 0);
INSERT INTO `log` VALUES (97, 'admin123', '123.119.237.29', 1, '退出', 1, '', '', '2020-10-20 23:40:00', '2020-10-20 23:40:00', 0);
INSERT INTO `log` VALUES (98, 'admin123', '123.119.237.29', 1, '登录', 1, '', '', '2020-10-20 23:40:02', '2020-10-20 23:40:02', 0);
INSERT INTO `log` VALUES (99, 'admin123', '123.119.237.29', 1, '登录', 1, '', '', '2020-10-20 23:40:52', '2020-10-20 23:40:52', 0);
INSERT INTO `log` VALUES (100, 'admin123', '0:0:0:0:0:0:0:1', 1, '登录', 1, '', '', '2020-10-21 21:03:40', '2020-10-21 21:03:40', 0);
INSERT INTO `log` VALUES (101, 'admin123', '0:0:0:0:0:0:0:1', 1, '登录', 1, '', '', '2020-10-21 21:07:51', '2020-10-21 21:07:51', 0);
INSERT INTO `log` VALUES (102, 'admin123', '0:0:0:0:0:0:0:1', 1, '登录', 1, '', '', '2020-10-21 21:18:09', '2020-10-21 21:18:09', 0);
INSERT INTO `log` VALUES (103, 'admin123', '0:0:0:0:0:0:0:1', 1, '登录', 1, '', '', '2020-10-21 21:27:26', '2020-10-21 21:27:26', 0);
INSERT INTO `log` VALUES (104, 'admin123', '0:0:0:0:0:0:0:1', 1, '删除商城', 1, 'admin123', '', '2020-10-21 21:29:11', '2020-10-21 21:29:11', 0);
INSERT INTO `log` VALUES (105, 'admin123', '0:0:0:0:0:0:0:1', 1, '登录', 1, '', '', '2020-10-21 21:30:43', '2020-10-21 21:30:43', 0);
INSERT INTO `log` VALUES (106, 'admin123', '0:0:0:0:0:0:0:1', 1, '登录', 1, '', '', '2020-10-21 21:35:34', '2020-10-21 21:35:34', 0);
INSERT INTO `log` VALUES (107, 'admin123', '0:0:0:0:0:0:0:1', 1, '登录', 1, '', '', '2020-10-21 21:40:48', '2020-10-21 21:40:48', 0);
INSERT INTO `log` VALUES (108, 'admin123', '0:0:0:0:0:0:0:1', 1, '登录', 1, '', '', '2020-10-21 21:44:01', '2020-10-21 21:44:01', 0);
INSERT INTO `log` VALUES (109, 'admin123', '0:0:0:0:0:0:0:1', 1, '登录', 1, '', '', '2020-10-21 21:46:39', '2020-10-21 21:46:39', 0);
INSERT INTO `log` VALUES (110, 'admin123', '0:0:0:0:0:0:0:1', 1, '登录', 1, '', '', '2020-10-21 21:48:34', '2020-10-21 21:48:34', 0);
INSERT INTO `log` VALUES (111, 'admin123', '0:0:0:0:0:0:0:1', 1, '登录', 1, '', '', '2020-10-21 21:51:01', '2020-10-21 21:51:01', 0);
INSERT INTO `log` VALUES (112, 'admin123', '0:0:0:0:0:0:0:1', 1, '登录', 1, '', '', '2020-10-21 21:51:01', '2020-10-21 21:51:01', 0);
INSERT INTO `log` VALUES (113, 'admin123', '0:0:0:0:0:0:0:1', 1, '登录', 1, '', '', '2020-10-21 21:53:42', '2020-10-21 21:53:42', 0);
INSERT INTO `log` VALUES (114, 'admin123', '0:0:0:0:0:0:0:1', 1, '登录', 1, '', '', '2020-10-21 22:03:39', '2020-10-21 22:03:39', 0);
INSERT INTO `log` VALUES (115, 'admin123', '0:0:0:0:0:0:0:1', 1, '登录', 1, '', '', '2020-10-21 22:05:41', '2020-10-21 22:05:41', 0);
INSERT INTO `log` VALUES (116, 'admin123', '0:0:0:0:0:0:0:1', 1, '登录', 1, '', '', '2020-10-22 22:00:11', '2020-10-22 22:00:11', 0);
INSERT INTO `log` VALUES (117, 'admin123', '0:0:0:0:0:0:0:1', 1, '登录', 1, '', '', '2020-10-22 22:22:56', '2020-10-22 22:22:56', 0);
INSERT INTO `log` VALUES (118, 'admin123', '0:0:0:0:0:0:0:1', 1, '登录', 1, '', '', '2020-10-22 22:29:05', '2020-10-22 22:29:05', 0);
INSERT INTO `log` VALUES (119, 'admin123', '0:0:0:0:0:0:0:1', 1, '登录', 1, '', '', '2020-10-22 22:33:05', '2020-10-22 22:33:05', 0);
INSERT INTO `log` VALUES (120, 'admin123', '223.70.201.178', 1, '登录', 1, '', '', '2020-10-23 10:26:07', '2020-10-23 10:26:07', 0);
INSERT INTO `log` VALUES (121, 'admin123', '223.70.201.178', 1, '登录', 1, '', '', '2020-10-23 10:26:17', '2020-10-23 10:26:17', 0);
INSERT INTO `log` VALUES (122, 'admin123', '223.70.201.178', 1, '登录', 1, '', '', '2020-10-23 10:39:57', '2020-10-23 10:39:57', 0);
INSERT INTO `log` VALUES (123, 'admin123', '223.70.201.178', 1, '登录', 1, '', '', '2020-10-23 11:22:50', '2020-10-23 11:22:50', 0);
INSERT INTO `log` VALUES (124, 'admin123', '223.70.201.178', 1, '登录', 1, '', '', '2020-10-23 11:48:10', '2020-10-23 11:48:10', 0);
INSERT INTO `log` VALUES (125, 'admin123', '223.70.201.178', 1, '登录', 1, '', '', '2020-10-23 14:21:52', '2020-10-23 14:21:52', 0);
INSERT INTO `log` VALUES (126, 'admin123', '223.70.201.178', 1, '登录', 1, '', '', '2020-10-23 15:07:35', '2020-10-23 15:07:35', 0);
INSERT INTO `log` VALUES (127, 'admin123', '221.238.245.230', 1, '登录', 1, '', '', '2020-10-23 15:08:46', '2020-10-23 15:08:46', 0);
INSERT INTO `log` VALUES (128, 'admin123', '0:0:0:0:0:0:0:1', 1, '登录', 1, '', '', '2020-10-23 15:21:03', '2020-10-23 15:21:03', 0);
INSERT INTO `log` VALUES (129, 'admin123', '223.70.201.178', 1, '登录', 1, '', '', '2020-10-23 15:36:10', '2020-10-23 15:36:10', 0);
INSERT INTO `log` VALUES (130, 'admin123', '223.70.201.178', 1, '登录', 1, '', '', '2020-10-23 15:36:13', '2020-10-23 15:36:13', 0);
INSERT INTO `log` VALUES (131, 'admin123', '0:0:0:0:0:0:0:1', 1, '登录', 1, '', '', '2020-10-23 16:09:49', '2020-10-23 16:09:49', 0);
INSERT INTO `log` VALUES (132, 'admin123', '223.70.201.178', 1, '登录', 1, '', '', '2020-10-23 16:37:45', '2020-10-23 16:37:45', 0);
INSERT INTO `log` VALUES (133, 'admin123', '0:0:0:0:0:0:0:1', 1, '登录', 1, '', '', '2020-10-23 16:37:56', '2020-10-23 16:37:56', 0);
INSERT INTO `log` VALUES (134, 'admin123', '223.70.201.178', 1, '登录', 1, '', '', '2020-10-23 16:49:43', '2020-10-23 16:49:43', 0);
INSERT INTO `log` VALUES (135, 'admin123', '223.70.201.178', 1, '添加管理员', 1, 'mall222', '', '2020-10-23 17:07:41', '2020-10-23 17:07:41', 0);
INSERT INTO `log` VALUES (136, 'admin123', '223.70.201.178', 1, '登录', 1, '', '', '2020-10-23 17:08:27', '2020-10-23 17:08:27', 0);
INSERT INTO `log` VALUES (137, 'admin123', '221.238.245.230', 1, '登录', 1, '', '', '2020-10-23 17:09:04', '2020-10-23 17:09:04', 0);
INSERT INTO `log` VALUES (138, 'admin123', '223.70.201.178', 1, '登录', 1, '', '', '2020-10-23 17:15:00', '2020-10-23 17:15:00', 0);
INSERT INTO `log` VALUES (139, 'admin123', '0:0:0:0:0:0:0:1', 1, '登录', 1, '', '', '2020-10-23 20:18:45', '2020-10-23 20:18:45', 0);
INSERT INTO `log` VALUES (140, 'admin123', '106.47.103.22', 1, '登录', 1, '', '', '2020-10-23 20:31:42', '2020-10-23 20:31:42', 0);
INSERT INTO `log` VALUES (141, 'admin123', '221.238.245.230', 1, '登录', 1, '', '', '2020-10-26 16:12:35', '2020-10-26 16:12:35', 0);
INSERT INTO `log` VALUES (142, 'admin123', '123.119.237.175', 1, '登录', 1, '', '', '2020-10-26 20:35:00', '2020-10-26 20:35:00', 0);
INSERT INTO `log` VALUES (143, 'admin123', '123.119.237.175', 1, '登录', 1, '', '', '2020-10-26 20:35:02', '2020-10-26 20:35:02', 0);
INSERT INTO `log` VALUES (144, 'admin123', '123.119.237.175', 1, '添加管理员', 1, 'shanghu1', '', '2020-10-26 20:49:57', '2020-10-26 20:49:57', 0);
INSERT INTO `log` VALUES (145, 'admin123', '123.119.237.175', 1, '登录', 1, '', '', '2020-10-26 20:51:19', '2020-10-26 20:51:19', 0);
INSERT INTO `log` VALUES (146, 'admin123', '123.119.237.175', 1, '登录', 1, '', '', '2020-10-26 21:16:31', '2020-10-26 21:16:31', 0);
INSERT INTO `log` VALUES (147, 'admin123', '123.119.237.175', 1, '登录', 1, '', '', '2020-10-26 21:16:36', '2020-10-26 21:16:36', 0);
INSERT INTO `log` VALUES (148, 'admin123', '123.119.237.175', 1, '编辑管理员', 1, 'shanghu1', '', '2020-10-26 21:23:56', '2020-10-26 21:23:56', 0);
INSERT INTO `log` VALUES (149, 'admin123', '123.119.237.175', 1, '退出', 1, '', '', '2020-10-26 21:24:10', '2020-10-26 21:24:10', 0);
INSERT INTO `log` VALUES (150, 'shanghu1', '123.119.237.175', 1, '登录', 1, '', '', '2020-10-26 21:24:18', '2020-10-26 21:24:18', 0);
INSERT INTO `log` VALUES (151, 'shanghu1', '123.119.237.175', 1, '登录', 1, '', '', '2020-10-26 21:24:24', '2020-10-26 21:24:24', 0);
INSERT INTO `log` VALUES (152, 'shanghu1', '123.119.237.175', 1, '登录', 1, '', '', '2020-10-26 21:24:34', '2020-10-26 21:24:34', 0);
INSERT INTO `log` VALUES (153, 'shanghu1', '123.119.237.175', 1, '登录', 1, '', '', '2020-10-26 21:24:44', '2020-10-26 21:24:44', 0);
INSERT INTO `log` VALUES (154, 'shanghu1', '123.119.237.175', 1, '登录', 1, '', '', '2020-10-26 21:24:50', '2020-10-26 21:24:50', 0);
INSERT INTO `log` VALUES (155, 'admin123', '123.119.237.175', 1, '登录', 1, '', '', '2020-10-26 21:25:27', '2020-10-26 21:25:27', 0);
INSERT INTO `log` VALUES (156, 'admin123', '192.168.2.4', 1, '登录', 1, '', '', '2020-10-26 21:54:19', '2020-10-26 21:54:19', 0);
INSERT INTO `log` VALUES (157, 'admin123', '0:0:0:0:0:0:0:1', 1, '登录', 1, '', '', '2020-10-26 21:56:46', '2020-10-26 21:56:46', 0);
INSERT INTO `log` VALUES (158, 'admin123', '123.119.237.175', 1, '登录', 1, '', '', '2020-10-26 21:57:52', '2020-10-26 21:57:52', 0);
INSERT INTO `log` VALUES (159, 'admin123', '0:0:0:0:0:0:0:1', 1, '登录', 1, '', '', '2020-10-26 22:01:52', '2020-10-26 22:01:52', 0);
INSERT INTO `log` VALUES (160, 'admin123', '0:0:0:0:0:0:0:1', 1, '登录', 1, '', '', '2020-10-26 22:04:58', '2020-10-26 22:04:58', 0);
INSERT INTO `log` VALUES (161, 'admin123', '123.119.237.175', 1, '登录', 1, '', '', '2020-10-26 22:08:37', '2020-10-26 22:08:37', 0);
INSERT INTO `log` VALUES (162, 'admin123', '123.119.237.175', 1, '退出', 1, '', '', '2020-10-26 22:09:50', '2020-10-26 22:09:50', 0);
INSERT INTO `log` VALUES (163, 'shanghu1', '123.119.237.175', 1, '登录', 1, '', '', '2020-10-26 22:09:56', '2020-10-26 22:09:56', 0);
INSERT INTO `log` VALUES (164, 'admin123', '123.119.237.175', 1, '登录', 1, '', '', '2020-10-26 22:10:13', '2020-10-26 22:10:13', 0);
INSERT INTO `log` VALUES (165, 'admin123', '123.119.237.175', 1, '退出', 1, '', '', '2020-10-26 22:21:33', '2020-10-26 22:21:33', 0);
INSERT INTO `log` VALUES (166, '匿名用户', '123.119.237.175', 1, '登录', 0, '用户帐号或密码不正确', '', '2020-10-26 22:21:43', '2020-10-26 22:21:43', 0);
INSERT INTO `log` VALUES (167, '匿名用户', '123.119.237.175', 1, '登录', 0, '用户帐号或密码不正确', '', '2020-10-26 22:21:50', '2020-10-26 22:21:50', 0);
INSERT INTO `log` VALUES (168, 'shanghu1', '123.119.237.175', 1, '登录', 1, '', '', '2020-10-26 22:21:58', '2020-10-26 22:21:58', 0);
INSERT INTO `log` VALUES (169, 'shanghu1', '123.119.237.175', 1, '退出', 1, '', '', '2020-10-26 22:22:17', '2020-10-26 22:22:17', 0);
INSERT INTO `log` VALUES (170, 'admin123', '123.119.237.175', 1, '登录', 1, '', '', '2020-10-26 22:22:20', '2020-10-26 22:22:20', 0);
INSERT INTO `log` VALUES (171, 'admin123', '123.119.237.175', 1, '删除管理员', 1, 'mall222', '', '2020-10-26 22:23:06', '2020-10-26 22:23:06', 0);
INSERT INTO `log` VALUES (172, 'admin123', '123.119.237.175', 1, '删除管理员', 1, 'mall222', '', '2020-10-26 22:23:07', '2020-10-26 22:23:07', 0);
INSERT INTO `log` VALUES (173, 'admin123', '123.119.237.175', 1, '删除管理员', 1, 'mall111', '', '2020-10-26 22:23:13', '2020-10-26 22:23:13', 0);
INSERT INTO `log` VALUES (174, 'admin123', '123.119.237.175', 1, '添加管理员', 1, 'admin111', '', '2020-10-26 22:27:48', '2020-10-26 22:27:48', 0);
INSERT INTO `log` VALUES (175, 'admin123', '123.119.237.175', 1, '登录', 1, '', '', '2020-10-26 22:42:11', '2020-10-26 22:42:11', 0);
INSERT INTO `log` VALUES (176, 'admin123', '106.47.103.22', 1, '登录', 1, '', '', '2020-10-26 22:56:00', '2020-10-26 22:56:00', 0);
INSERT INTO `log` VALUES (177, 'admin123', '123.119.237.175', 1, '登录', 1, '', '', '2020-10-26 23:00:56', '2020-10-26 23:00:56', 0);
INSERT INTO `log` VALUES (178, 'admin123', '123.119.237.175', 1, '登录', 1, '', '', '2020-10-26 23:18:21', '2020-10-26 23:18:21', 0);
INSERT INTO `log` VALUES (179, 'admin123', '221.238.245.230', 1, '登录', 1, '', '', '2020-10-28 13:19:46', '2020-10-28 13:19:46', 0);
INSERT INTO `log` VALUES (180, '匿名用户', '223.70.201.178', 1, '登录', 0, '用户帐号或密码不正确', '', '2020-10-28 13:21:44', '2020-10-28 13:21:44', 0);
INSERT INTO `log` VALUES (181, 'admin123', '223.70.201.178', 1, '登录', 1, '', '', '2020-10-28 13:21:54', '2020-10-28 13:21:54', 0);
INSERT INTO `log` VALUES (182, 'admin123', '223.70.201.178', 1, '登录', 1, '', '', '2020-10-28 13:34:55', '2020-10-28 13:34:55', 0);
INSERT INTO `log` VALUES (183, 'admin123', '223.70.201.178', 1, '登录', 1, '', '', '2020-10-28 14:20:18', '2020-10-28 14:20:18', 0);
INSERT INTO `log` VALUES (184, 'admin123', '223.70.201.178', 1, '登录', 1, '', '', '2020-10-28 14:21:05', '2020-10-28 14:21:05', 0);
INSERT INTO `log` VALUES (185, 'admin123', '223.70.201.178', 1, '删除商城', 1, 'admin123', '', '2020-10-28 14:29:01', '2020-10-28 14:29:01', 0);
INSERT INTO `log` VALUES (186, 'admin123', '223.70.201.178', 1, '删除商城', 1, 'admin123', '', '2020-10-28 14:31:13', '2020-10-28 14:31:13', 0);
INSERT INTO `log` VALUES (187, 'admin123', '223.70.201.178', 1, '删除商城', 1, 'admin123', '', '2020-10-28 14:35:11', '2020-10-28 14:35:11', 0);
INSERT INTO `log` VALUES (188, 'admin123', '223.70.201.178', 1, '删除商城', 1, 'admin123', '', '2020-10-28 14:37:25', '2020-10-28 14:37:25', 0);
INSERT INTO `log` VALUES (189, 'admin123', '223.70.201.178', 1, '删除商城', 1, 'admin123', '', '2020-10-28 14:38:36', '2020-10-28 14:38:36', 0);
INSERT INTO `log` VALUES (190, 'admin123', '223.70.201.178', 1, '删除商城', 1, 'admin123', '', '2020-10-28 14:39:28', '2020-10-28 14:39:28', 0);
INSERT INTO `log` VALUES (191, 'admin123', '223.70.201.178', 1, '删除商城', 1, 'admin123', '', '2020-10-28 14:39:29', '2020-10-28 14:39:29', 0);
INSERT INTO `log` VALUES (192, 'admin123', '223.70.201.178', 1, '删除商城', 1, 'admin123', '', '2020-10-28 14:41:10', '2020-10-28 14:41:10', 0);
INSERT INTO `log` VALUES (193, 'admin123', '223.70.201.178', 1, '删除商城', 1, 'admin123', '', '2020-10-28 14:41:12', '2020-10-28 14:41:12', 0);
INSERT INTO `log` VALUES (194, 'admin123', '223.70.201.178', 1, '删除商城', 1, 'admin123', '', '2020-10-28 14:41:14', '2020-10-28 14:41:14', 0);
INSERT INTO `log` VALUES (195, 'admin123', '223.70.201.178', 1, '删除商城', 1, 'admin123', '', '2020-10-28 14:41:17', '2020-10-28 14:41:17', 0);
INSERT INTO `log` VALUES (196, 'admin123', '223.70.201.178', 1, '删除商城', 1, 'admin123', '', '2020-10-28 14:41:18', '2020-10-28 14:41:18', 0);
INSERT INTO `log` VALUES (197, 'admin123', '223.70.201.178', 1, '删除商城', 1, 'admin123', '', '2020-10-28 14:41:19', '2020-10-28 14:41:19', 0);
INSERT INTO `log` VALUES (198, 'admin123', '223.70.201.178', 1, '删除商城', 1, 'admin123', '', '2020-10-28 14:41:19', '2020-10-28 14:41:19', 0);
INSERT INTO `log` VALUES (199, 'admin123', '223.70.201.178', 1, '删除商城', 1, 'admin123', '', '2020-10-28 14:41:21', '2020-10-28 14:41:21', 0);
INSERT INTO `log` VALUES (200, 'admin123', '223.70.201.178', 1, '删除管理员', 1, 'admin123', '', '2020-10-28 14:43:56', '2020-10-28 14:43:56', 0);
INSERT INTO `log` VALUES (201, 'admin123', '223.70.201.178', 1, '添加管理员', 1, 'shanghu2', '', '2020-10-28 14:44:18', '2020-10-28 14:44:18', 0);
INSERT INTO `log` VALUES (202, 'admin123', '223.70.201.178', 1, '编辑管理员', 1, 'shanghu2', '', '2020-10-28 14:46:56', '2020-10-28 14:46:56', 0);
INSERT INTO `log` VALUES (203, 'admin123', '221.238.245.230', 1, '登录', 1, '', '', '2020-10-28 14:51:00', '2020-10-28 14:51:00', 0);
INSERT INTO `log` VALUES (204, 'admin123', '0:0:0:0:0:0:0:1', 1, '登录', 1, '', '', '2020-10-28 14:56:07', '2020-10-28 14:56:07', 0);
INSERT INTO `log` VALUES (205, 'admin123', '223.70.201.178', 1, '添加管理员', 1, 'shanghu3', '', '2020-10-28 14:58:48', '2020-10-28 14:58:48', 0);
INSERT INTO `log` VALUES (206, 'admin123', '223.70.201.178', 1, '删除管理员', 1, 'admin123', '', '2020-10-28 15:04:52', '2020-10-28 15:04:52', 0);
INSERT INTO `log` VALUES (207, 'admin123', '221.238.245.230', 1, '登录', 1, '', '', '2020-10-28 15:48:51', '2020-10-28 15:48:51', 0);
INSERT INTO `log` VALUES (208, 'admin123', '221.238.245.230', 1, '删除商城', 1, 'admin123', '', '2020-10-28 15:48:58', '2020-10-28 15:48:58', 0);
INSERT INTO `log` VALUES (209, 'admin123', '221.238.245.230', 1, '登录', 1, '', '', '2020-10-28 15:55:29', '2020-10-28 15:55:29', 0);
INSERT INTO `log` VALUES (210, 'admin123', '221.238.245.230', 1, '删除商城', 1, 'admin123', '', '2020-10-28 15:55:41', '2020-10-28 15:55:41', 0);
INSERT INTO `log` VALUES (211, 'admin123', '221.238.245.230', 1, '登录', 1, '', '', '2020-10-28 16:09:01', '2020-10-28 16:09:01', 0);
INSERT INTO `log` VALUES (212, 'admin123', '221.238.245.230', 1, '删除商城', 1, 'admin123', '', '2020-10-28 16:09:03', '2020-10-28 16:09:03', 0);
INSERT INTO `log` VALUES (213, 'admin123', '221.238.245.230', 1, '删除商城', 1, 'admin123', '', '2020-10-28 16:09:13', '2020-10-28 16:09:13', 0);
INSERT INTO `log` VALUES (214, 'admin123', '221.238.245.230', 1, '删除商城', 1, 'admin123', '', '2020-10-28 16:09:15', '2020-10-28 16:09:15', 0);
INSERT INTO `log` VALUES (215, 'admin123', '221.238.245.230', 1, '删除商城', 1, 'admin123', '', '2020-10-28 16:09:22', '2020-10-28 16:09:22', 0);
INSERT INTO `log` VALUES (216, 'admin123', '221.238.245.230', 1, '删除商城', 1, 'admin123', '', '2020-10-28 16:09:26', '2020-10-28 16:09:26', 0);
INSERT INTO `log` VALUES (217, 'admin123', '221.238.245.230', 1, '删除商城', 1, 'admin123', '', '2020-10-28 16:09:27', '2020-10-28 16:09:27', 0);
INSERT INTO `log` VALUES (218, 'admin123', '221.238.245.230', 1, '删除商城', 1, 'admin123', '', '2020-10-28 16:09:28', '2020-10-28 16:09:28', 0);
INSERT INTO `log` VALUES (219, 'admin123', '223.70.201.178', 1, '登录', 1, '', '', '2020-10-28 16:38:55', '2020-10-28 16:38:55', 0);
INSERT INTO `log` VALUES (220, 'admin123', '223.70.201.178', 1, '添加管理员', 1, 'shanghu3', '', '2020-10-28 16:40:14', '2020-10-28 16:40:14', 0);
INSERT INTO `log` VALUES (221, 'admin123', '223.70.201.178', 1, '添加管理员', 1, 'admin2', '', '2020-10-28 16:45:04', '2020-10-28 16:45:04', 0);
INSERT INTO `log` VALUES (222, 'admin123', '223.70.201.178', 1, '退出', 1, '', '', '2020-10-28 16:52:02', '2020-10-28 16:52:02', 0);
INSERT INTO `log` VALUES (223, 'admin2', '223.70.201.178', 1, '登录', 1, '', '', '2020-10-28 16:52:11', '2020-10-28 16:52:11', 0);
INSERT INTO `log` VALUES (224, 'admin2', '223.70.201.178', 1, '退出', 1, '', '', '2020-10-28 16:52:17', '2020-10-28 16:52:17', 0);
INSERT INTO `log` VALUES (225, 'shanghu1', '223.70.201.178', 1, '登录', 1, '', '', '2020-10-28 16:52:33', '2020-10-28 16:52:33', 0);
INSERT INTO `log` VALUES (226, 'shanghu1', '223.70.201.178', 1, '退出', 1, '', '', '2020-10-28 16:53:42', '2020-10-28 16:53:42', 0);
INSERT INTO `log` VALUES (227, 'shanghu1', '223.70.201.178', 1, '登录', 1, '', '', '2020-10-28 16:53:50', '2020-10-28 16:53:50', 0);
INSERT INTO `log` VALUES (228, 'shanghu1', '223.70.201.178', 1, '退出', 1, '', '', '2020-10-28 16:55:20', '2020-10-28 16:55:20', 0);
INSERT INTO `log` VALUES (229, 'shanghu1', '223.70.201.178', 1, '登录', 1, '', '', '2020-10-28 16:55:33', '2020-10-28 16:55:33', 0);
INSERT INTO `log` VALUES (230, 'shanghu1', '223.70.201.178', 1, '退出', 1, '', '', '2020-10-28 16:56:50', '2020-10-28 16:56:50', 0);
INSERT INTO `log` VALUES (231, 'admin123', '223.70.201.178', 1, '登录', 1, '', '', '2020-10-28 16:56:55', '2020-10-28 16:56:55', 0);
INSERT INTO `log` VALUES (232, 'shanghu1', '223.70.201.178', 1, '登录', 1, '', '', '2020-10-28 16:57:03', '2020-10-28 16:57:03', 0);
INSERT INTO `log` VALUES (233, 'shanghu1', '223.70.201.178', 1, '登录', 1, '', '', '2020-10-28 16:57:04', '2020-10-28 16:57:04', 0);
INSERT INTO `log` VALUES (234, 'shanghu1', '223.70.201.178', 1, '登录', 1, '', '', '2020-10-28 16:57:05', '2020-10-28 16:57:05', 0);
INSERT INTO `log` VALUES (235, 'shanghu1', '223.70.201.178', 1, '登录', 1, '', '', '2020-10-28 16:57:06', '2020-10-28 16:57:06', 0);
INSERT INTO `log` VALUES (236, 'shanghu1', '223.70.201.178', 1, '退出', 1, '', '', '2020-10-28 16:58:04', '2020-10-28 16:58:04', 0);
INSERT INTO `log` VALUES (237, 'admin123', '223.70.201.178', 1, '登录', 1, '', '', '2020-10-28 16:58:16', '2020-10-28 16:58:16', 0);
INSERT INTO `log` VALUES (238, 'admin123', '223.70.201.178', 1, '登录', 1, '', '', '2020-10-28 17:03:05', '2020-10-28 17:03:05', 0);
INSERT INTO `log` VALUES (239, 'admin123', '223.70.201.178', 1, '登录', 1, '', '', '2020-10-28 17:05:10', '2020-10-28 17:05:10', 0);
INSERT INTO `log` VALUES (240, 'admin123', '223.70.201.178', 1, '退出', 1, '', '', '2020-10-28 17:07:33', '2020-10-28 17:07:33', 0);
INSERT INTO `log` VALUES (241, 'shanghu1', '223.70.201.178', 1, '登录', 1, '', '', '2020-10-28 17:07:39', '2020-10-28 17:07:39', 0);
INSERT INTO `log` VALUES (242, 'shanghu1', '223.70.201.178', 1, '退出', 1, '', '', '2020-10-28 17:07:57', '2020-10-28 17:07:57', 0);
INSERT INTO `log` VALUES (243, 'admin123', '223.70.201.178', 1, '登录', 1, '', '', '2020-10-28 17:08:00', '2020-10-28 17:08:00', 0);
INSERT INTO `log` VALUES (244, 'admin123', '223.70.201.178', 1, '登录', 1, '', '', '2020-10-28 17:14:12', '2020-10-28 17:14:12', 0);
INSERT INTO `log` VALUES (245, 'admin123', '223.70.201.178', 1, '退出', 1, '', '', '2020-10-28 17:15:58', '2020-10-28 17:15:58', 0);
INSERT INTO `log` VALUES (246, 'admin123', '223.70.201.178', 1, '登录', 1, '', '', '2020-10-28 17:16:03', '2020-10-28 17:16:03', 0);
INSERT INTO `log` VALUES (247, 'admin123', '223.70.201.178', 1, '登录', 1, '', '', '2020-10-28 17:19:06', '2020-10-28 17:19:06', 0);
INSERT INTO `log` VALUES (248, 'admin123', '223.70.201.178', 1, '登录', 1, '', '', '2020-10-28 17:19:10', '2020-10-28 17:19:10', 0);
INSERT INTO `log` VALUES (249, 'admin123', '223.70.201.178', 1, '退出', 1, '', '', '2020-10-28 17:22:47', '2020-10-28 17:22:47', 0);
INSERT INTO `log` VALUES (250, 'admin123', '223.70.201.178', 1, '登录', 1, '', '', '2020-10-28 17:23:00', '2020-10-28 17:23:00', 0);
INSERT INTO `log` VALUES (251, 'admin123', '223.70.201.178', 1, '退出', 1, '', '', '2020-10-28 17:23:04', '2020-10-28 17:23:04', 0);
INSERT INTO `log` VALUES (252, 'shanghu1', '223.70.201.178', 1, '登录', 1, '', '', '2020-10-28 17:23:11', '2020-10-28 17:23:11', 0);
INSERT INTO `log` VALUES (253, 'shanghu1', '223.70.201.178', 1, '退出', 1, '', '', '2020-10-28 17:23:17', '2020-10-28 17:23:17', 0);
INSERT INTO `log` VALUES (254, 'admin123', '223.70.201.178', 1, '登录', 1, '', '', '2020-10-28 17:23:20', '2020-10-28 17:23:20', 0);
INSERT INTO `log` VALUES (255, 'admin123', '223.70.201.178', 1, '删除商城', 1, 'admin123', '', '2020-10-28 17:50:02', '2020-10-28 17:50:02', 0);
INSERT INTO `log` VALUES (256, 'admin123', '0:0:0:0:0:0:0:1', 1, '登录', 1, '', '', '2020-10-28 20:20:08', '2020-10-28 20:20:08', 0);
INSERT INTO `log` VALUES (257, 'admin123', '0:0:0:0:0:0:0:1', 1, '登录', 1, '', '', '2020-10-28 20:21:21', '2020-10-28 20:21:21', 0);
INSERT INTO `log` VALUES (258, 'admin123', '0:0:0:0:0:0:0:1', 1, '登录', 1, '', '', '2020-10-28 20:37:36', '2020-10-28 20:37:36', 0);
INSERT INTO `log` VALUES (259, 'admin123', '0:0:0:0:0:0:0:1', 1, '登录', 0, '认证失败', '', '2020-10-28 20:38:17', '2020-10-28 20:38:17', 0);
INSERT INTO `log` VALUES (260, 'admin123', '0:0:0:0:0:0:0:1', 1, '登录', 0, '认证失败', '', '2020-10-28 20:38:22', '2020-10-28 20:38:22', 0);
INSERT INTO `log` VALUES (261, 'admin123', '0:0:0:0:0:0:0:1', 1, '登录', 0, '认证失败', '', '2020-10-28 20:38:29', '2020-10-28 20:38:29', 0);
INSERT INTO `log` VALUES (262, 'mall111', '0:0:0:0:0:0:0:1', 1, '登录', 1, '', '', '2020-10-28 20:39:22', '2020-10-28 20:39:22', 0);
INSERT INTO `log` VALUES (263, 'admin123', '0:0:0:0:0:0:0:1', 1, '登录', 1, '', '', '2020-10-28 21:41:51', '2020-10-28 21:41:51', 0);
INSERT INTO `log` VALUES (264, 'admin123', '0:0:0:0:0:0:0:1', 1, '登录', 1, '', '', '2020-10-28 21:47:07', '2020-10-28 21:47:07', 0);
INSERT INTO `log` VALUES (265, 'admin123', '0:0:0:0:0:0:0:1', 1, '登录', 1, '', '', '2020-10-28 21:53:30', '2020-10-28 21:53:30', 0);
INSERT INTO `log` VALUES (266, 'admin123', '0:0:0:0:0:0:0:1', 1, '登录', 1, '', '', '2020-10-28 21:54:59', '2020-10-28 21:54:59', 0);
INSERT INTO `log` VALUES (267, 'admin123', '0:0:0:0:0:0:0:1', 1, '登录', 1, '', '', '2020-10-28 21:57:14', '2020-10-28 21:57:14', 0);
INSERT INTO `log` VALUES (268, 'admin123', '0:0:0:0:0:0:0:1', 1, '登录', 1, '', '', '2020-10-28 21:58:44', '2020-10-28 21:58:44', 0);
INSERT INTO `log` VALUES (269, 'admin123', '36.106.87.251', 1, '登录', 1, '', '', '2020-10-28 22:05:29', '2020-10-28 22:05:29', 0);
INSERT INTO `log` VALUES (270, 'admin123', '36.106.87.251', 1, '登录', 1, '', '', '2020-10-28 22:06:18', '2020-10-28 22:06:18', 0);
INSERT INTO `log` VALUES (271, 'admin123', '0:0:0:0:0:0:0:1', 1, '登录', 1, '', '', '2020-10-28 22:06:25', '2020-10-28 22:06:25', 0);
INSERT INTO `log` VALUES (272, 'admin123', '0:0:0:0:0:0:0:1', 1, '登录', 1, '', '', '2020-10-28 22:09:21', '2020-10-28 22:09:21', 0);
INSERT INTO `log` VALUES (273, 'admin123', '0:0:0:0:0:0:0:1', 1, '登录', 1, '', '', '2020-10-28 22:09:38', '2020-10-28 22:09:38', 0);
INSERT INTO `log` VALUES (274, 'admin123', '0:0:0:0:0:0:0:1', 1, '登录', 1, '', '', '2020-10-28 22:17:19', '2020-10-28 22:17:19', 0);
INSERT INTO `log` VALUES (275, 'admin123', '0:0:0:0:0:0:0:1', 1, '登录', 1, '', '', '2020-10-28 22:17:20', '2020-10-28 22:17:20', 0);
INSERT INTO `log` VALUES (276, 'admin123', '0:0:0:0:0:0:0:1', 1, '登录', 1, '', '', '2020-10-28 22:19:24', '2020-10-28 22:19:24', 0);
INSERT INTO `log` VALUES (277, 'admin123', '0:0:0:0:0:0:0:1', 1, '登录', 1, '', '', '2020-10-28 22:23:52', '2020-10-28 22:23:52', 0);
INSERT INTO `log` VALUES (278, 'admin123', '0:0:0:0:0:0:0:1', 1, '登录', 1, '', '', '2020-10-28 22:26:42', '2020-10-28 22:26:42', 0);
INSERT INTO `log` VALUES (279, 'admin123', '123.119.237.175', 1, '登录', 1, '', '', '2020-10-28 23:02:48', '2020-10-28 23:02:48', 0);
INSERT INTO `log` VALUES (280, 'admin123', '223.70.201.178', 1, '登录', 1, '', '', '2020-10-29 11:03:50', '2020-10-29 11:03:50', 0);
INSERT INTO `log` VALUES (281, 'admin123', '223.70.201.178', 1, '登录', 1, '', '', '2020-10-29 11:06:14', '2020-10-29 11:06:14', 0);
INSERT INTO `log` VALUES (282, 'admin123', '223.70.201.178', 1, '登录', 1, '', '', '2020-10-29 14:26:02', '2020-10-29 14:26:02', 0);
INSERT INTO `log` VALUES (283, 'admin123', '223.70.201.178', 1, '登录', 1, '', '', '2020-10-29 15:16:21', '2020-10-29 15:16:21', 0);
INSERT INTO `log` VALUES (284, 'admin123', '223.70.201.178', 1, '删除商城', 1, 'admin123', '', '2020-10-29 15:18:37', '2020-10-29 15:18:37', 0);
INSERT INTO `log` VALUES (285, 'admin123', '223.70.201.178', 1, '删除商城', 1, 'admin123', '', '2020-10-29 15:18:39', '2020-10-29 15:18:39', 0);
INSERT INTO `log` VALUES (286, 'admin123', '223.70.201.178', 1, '删除商城', 1, 'admin123', '', '2020-10-29 15:18:51', '2020-10-29 15:18:51', 0);
INSERT INTO `log` VALUES (287, 'admin123', '223.70.201.178', 1, '删除商城', 1, 'admin123', '', '2020-10-29 15:18:52', '2020-10-29 15:18:52', 0);
INSERT INTO `log` VALUES (288, 'admin123', '223.70.201.178', 1, '删除商城', 1, 'admin123', '', '2020-10-29 15:19:23', '2020-10-29 15:19:23', 0);
INSERT INTO `log` VALUES (289, 'admin123', '123.119.237.175', 1, '登录', 1, '', '', '2020-10-29 20:26:49', '2020-10-29 20:26:49', 0);
INSERT INTO `log` VALUES (290, 'admin123', '123.119.237.175', 1, '删除商城', 1, 'admin123', '', '2020-10-29 20:26:58', '2020-10-29 20:26:58', 0);
INSERT INTO `log` VALUES (291, 'admin123', '123.119.237.175', 1, '删除商城', 1, 'admin123', '', '2020-10-29 20:27:00', '2020-10-29 20:27:00', 0);
INSERT INTO `log` VALUES (292, 'admin123', '123.119.237.175', 1, '登录', 1, '', '', '2020-10-29 20:29:35', '2020-10-29 20:29:35', 0);
INSERT INTO `log` VALUES (293, 'admin123', '123.119.237.175', 1, '编辑商城', 1, 'admin123', '', '2020-10-29 20:30:01', '2020-10-29 20:30:01', 0);
INSERT INTO `log` VALUES (294, 'admin123', '123.119.237.175', 1, '编辑商城', 1, 'admin123', '', '2020-10-29 20:30:26', '2020-10-29 20:30:26', 0);
INSERT INTO `log` VALUES (295, 'admin123', '123.119.237.175', 1, '编辑商城', 1, 'admin123', '', '2020-10-29 20:36:49', '2020-10-29 20:36:49', 0);
INSERT INTO `log` VALUES (296, 'admin123', '36.106.87.251', 1, '登录', 1, '', '', '2020-10-29 20:51:26', '2020-10-29 20:51:26', 0);
INSERT INTO `log` VALUES (297, 'admin123', '36.106.87.251', 1, '编辑商城', 1, 'admin123', '', '2020-10-29 20:52:45', '2020-10-29 20:52:45', 0);
INSERT INTO `log` VALUES (298, 'admin123', '123.119.237.175', 1, '编辑商城', 1, 'admin123', '', '2020-10-29 20:57:27', '2020-10-29 20:57:27', 0);
INSERT INTO `log` VALUES (299, 'admin123', '223.70.201.178', 1, '登录', 1, '', '', '2020-10-30 09:09:58', '2020-10-30 09:09:58', 0);
INSERT INTO `log` VALUES (300, 'admin123', '223.70.201.178', 1, '编辑商城', 1, 'admin123', '', '2020-10-30 09:10:04', '2020-10-30 09:10:04', 0);
INSERT INTO `log` VALUES (301, 'admin123', '223.70.201.178', 1, '编辑商城', 1, 'admin123', '', '2020-10-30 09:10:25', '2020-10-30 09:10:25', 0);
INSERT INTO `log` VALUES (302, 'admin123', '223.70.201.178', 1, '编辑商城', 1, 'admin123', '', '2020-10-30 09:10:37', '2020-10-30 09:10:37', 0);
INSERT INTO `log` VALUES (303, 'admin123', '223.70.201.178', 1, '编辑商城', 1, 'admin123', '', '2020-10-30 09:11:00', '2020-10-30 09:11:00', 0);
INSERT INTO `log` VALUES (304, 'admin123', '223.70.201.178', 1, '编辑商城', 1, 'admin123', '', '2020-10-30 09:11:04', '2020-10-30 09:11:04', 0);
INSERT INTO `log` VALUES (305, 'admin123', '223.70.201.178', 1, '编辑商城', 1, 'admin123', '', '2020-10-30 09:11:08', '2020-10-30 09:11:08', 0);
INSERT INTO `log` VALUES (306, 'admin123', '223.70.201.178', 1, '删除商城', 1, 'admin123', '', '2020-10-30 09:11:10', '2020-10-30 09:11:10', 0);
INSERT INTO `log` VALUES (307, 'admin123', '223.70.201.178', 1, '删除商城', 1, 'admin123', '', '2020-10-30 09:11:11', '2020-10-30 09:11:11', 0);
INSERT INTO `log` VALUES (308, 'admin123', '223.70.201.178', 1, '删除商城', 1, 'admin123', '', '2020-10-30 09:11:12', '2020-10-30 09:11:12', 0);
INSERT INTO `log` VALUES (309, 'admin123', '223.70.201.178', 1, '删除商城', 1, 'admin123', '', '2020-10-30 09:11:12', '2020-10-30 09:11:12', 0);
INSERT INTO `log` VALUES (310, 'admin123', '223.70.201.178', 1, '删除商城', 1, 'admin123', '', '2020-10-30 09:11:16', '2020-10-30 09:11:16', 0);
INSERT INTO `log` VALUES (311, 'admin123', '223.70.201.178', 1, '删除商城', 1, 'admin123', '', '2020-10-30 09:11:18', '2020-10-30 09:11:18', 0);
INSERT INTO `log` VALUES (312, 'admin123', '223.70.201.178', 1, '编辑商城', 1, 'admin123', '', '2020-10-30 09:11:22', '2020-10-30 09:11:22', 0);
INSERT INTO `log` VALUES (313, 'admin123', '223.70.201.178', 1, '删除商城', 1, 'admin123', '', '2020-10-30 09:11:23', '2020-10-30 09:11:23', 0);
INSERT INTO `log` VALUES (314, 'admin123', '223.70.201.178', 1, '编辑商城', 1, 'admin123', '', '2020-10-30 09:19:19', '2020-10-30 09:19:19', 0);
INSERT INTO `log` VALUES (315, 'admin123', '223.70.201.178', 1, '编辑商城', 1, 'admin123', '', '2020-10-30 09:19:24', '2020-10-30 09:19:24', 0);
INSERT INTO `log` VALUES (316, 'admin123', '223.70.201.178', 1, '删除商城', 1, 'admin123', '', '2020-10-30 09:25:14', '2020-10-30 09:25:14', 0);
INSERT INTO `log` VALUES (317, 'admin123', '223.70.201.178', 1, '删除商城', 1, 'admin123', '', '2020-10-30 09:25:15', '2020-10-30 09:25:15', 0);
INSERT INTO `log` VALUES (318, 'admin123', '223.70.201.178', 1, '删除商城', 1, 'admin123', '', '2020-10-30 09:25:21', '2020-10-30 09:25:21', 0);
INSERT INTO `log` VALUES (319, 'admin123', '223.70.201.178', 1, '删除商城', 1, 'admin123', '', '2020-10-30 09:25:22', '2020-10-30 09:25:22', 0);
INSERT INTO `log` VALUES (320, 'admin123', '223.70.201.178', 1, '删除商城', 1, 'admin123', '', '2020-10-30 09:25:23', '2020-10-30 09:25:23', 0);
INSERT INTO `log` VALUES (321, 'admin123', '223.70.201.178', 1, '删除商城', 1, 'admin123', '', '2020-10-30 09:25:24', '2020-10-30 09:25:24', 0);
INSERT INTO `log` VALUES (322, 'admin123', '223.70.201.178', 1, '删除商城', 1, 'admin123', '', '2020-10-30 09:25:24', '2020-10-30 09:25:24', 0);
INSERT INTO `log` VALUES (323, 'admin123', '223.70.201.178', 1, '编辑商城', 1, 'admin123', '', '2020-10-30 09:35:24', '2020-10-30 09:35:24', 0);
INSERT INTO `log` VALUES (324, 'admin123', '223.70.201.178', 1, '编辑商城', 1, 'admin123', '', '2020-10-30 09:36:51', '2020-10-30 09:36:51', 0);
INSERT INTO `log` VALUES (325, 'admin123', '223.70.201.178', 1, '删除管理员', 1, 'admin123', '', '2020-10-30 09:38:02', '2020-10-30 09:38:02', 0);
INSERT INTO `log` VALUES (326, 'admin123', '223.70.201.178', 1, '删除管理员', 1, 'admin123', '', '2020-10-30 09:38:03', '2020-10-30 09:38:03', 0);
INSERT INTO `log` VALUES (327, 'admin123', '223.70.201.178', 1, '添加管理员', 1, 'admin11323', '', '2020-10-30 09:39:44', '2020-10-30 09:39:44', 0);
INSERT INTO `log` VALUES (328, 'admin123', '223.70.201.178', 1, '删除管理员', 1, 'admin123', '', '2020-10-30 09:40:44', '2020-10-30 09:40:44', 0);
INSERT INTO `log` VALUES (329, 'admin123', '223.70.201.178', 1, '删除管理员', 1, 'admin123', '', '2020-10-30 09:41:23', '2020-10-30 09:41:23', 0);
INSERT INTO `log` VALUES (330, 'admin123', '223.70.201.178', 1, '删除管理员', 1, 'admin123', '', '2020-10-30 09:41:25', '2020-10-30 09:41:25', 0);
INSERT INTO `log` VALUES (331, 'admin123', '223.70.201.178', 1, '删除管理员', 1, 'admin123', '', '2020-10-30 09:41:26', '2020-10-30 09:41:26', 0);
INSERT INTO `log` VALUES (332, 'admin123', '223.70.201.178', 1, '删除管理员', 1, 'admin123', '', '2020-10-30 09:41:28', '2020-10-30 09:41:28', 0);
INSERT INTO `log` VALUES (333, 'admin123', '223.70.201.178', 1, '删除管理员', 1, 'admin123', '', '2020-10-30 09:41:29', '2020-10-30 09:41:29', 0);
INSERT INTO `log` VALUES (334, 'admin123', '223.70.201.178', 1, '删除管理员', 1, 'admin123', '', '2020-10-30 09:41:30', '2020-10-30 09:41:30', 0);
INSERT INTO `log` VALUES (335, 'admin123', '223.70.201.178', 1, '删除管理员', 1, 'admin123', '', '2020-10-30 09:41:32', '2020-10-30 09:41:32', 0);
INSERT INTO `log` VALUES (336, 'admin123', '223.70.201.178', 1, '删除管理员', 1, 'admin123', '', '2020-10-30 09:41:33', '2020-10-30 09:41:33', 0);
INSERT INTO `log` VALUES (337, 'admin123', '223.70.201.178', 1, '登录', 1, '', '', '2020-10-30 11:38:42', '2020-10-30 11:38:42', 0);
INSERT INTO `log` VALUES (338, 'admin123', '223.70.201.178', 1, '删除商城', 1, 'admin123', '', '2020-10-30 11:38:44', '2020-10-30 11:38:44', 0);
INSERT INTO `log` VALUES (339, 'admin123', '223.70.201.178', 1, '删除商城', 1, 'admin123', '', '2020-10-30 11:38:45', '2020-10-30 11:38:45', 0);
INSERT INTO `log` VALUES (340, 'admin123', '223.70.201.178', 1, '添加管理员', 1, 'admin1', '', '2020-10-30 11:41:01', '2020-10-30 11:41:01', 0);
INSERT INTO `log` VALUES (341, 'admin123', '223.70.201.178', 1, '退出', 1, '', '', '2020-10-30 11:41:08', '2020-10-30 11:41:08', 0);
INSERT INTO `log` VALUES (342, 'admin1', '223.70.201.178', 1, '登录', 1, '', '', '2020-10-30 11:41:15', '2020-10-30 11:41:15', 0);
INSERT INTO `log` VALUES (343, 'admin1', '223.70.201.178', 1, '删除管理员', 1, 'admin1', '', '2020-10-30 11:41:22', '2020-10-30 11:41:22', 0);
INSERT INTO `log` VALUES (344, 'admin1', '223.70.201.178', 1, '添加管理员', 1, 'admin2', '', '2020-10-30 11:41:45', '2020-10-30 11:41:45', 0);
INSERT INTO `log` VALUES (345, '匿名用户', '223.70.201.178', 1, '登录', 0, '用户帐号或密码不正确', '', '2020-10-30 15:22:43', '2020-10-30 15:22:43', 0);
INSERT INTO `log` VALUES (346, '匿名用户', '223.70.201.178', 1, '登录', 0, '用户帐号或密码不正确', '', '2020-10-30 15:22:50', '2020-10-30 15:22:50', 0);
INSERT INTO `log` VALUES (347, '匿名用户', '223.70.201.178', 1, '登录', 0, '用户帐号或密码不正确', '', '2020-10-30 15:24:41', '2020-10-30 15:24:41', 0);
INSERT INTO `log` VALUES (348, 'admin1', '223.70.201.178', 1, '登录', 1, '', '', '2020-10-30 15:24:47', '2020-10-30 15:24:47', 0);
INSERT INTO `log` VALUES (349, 'admin1', '223.70.201.178', 1, '添加管理员', 1, 'shanghu1', '', '2020-10-30 15:31:05', '2020-10-30 15:31:05', 0);
INSERT INTO `log` VALUES (350, 'admin1', '223.70.201.178', 1, '添加管理员', 1, 'shanghu2', '', '2020-10-30 15:31:39', '2020-10-30 15:31:39', 0);
INSERT INTO `log` VALUES (351, 'admin1', '223.70.201.178', 1, '编辑管理员', 1, 'shanghu2', '', '2020-10-30 15:31:52', '2020-10-30 15:31:52', 0);
INSERT INTO `log` VALUES (352, 'admin1', '223.70.201.178', 1, '退出', 1, '', '', '2020-10-30 15:57:40', '2020-10-30 15:57:40', 0);
INSERT INTO `log` VALUES (353, '匿名用户', '223.70.201.178', 1, '登录', 0, '用户帐号或密码不正确', '', '2020-10-30 15:57:50', '2020-10-30 15:57:50', 0);
INSERT INTO `log` VALUES (354, '匿名用户', '223.70.201.178', 1, '登录', 0, '用户帐号或密码不正确', '', '2020-10-30 15:57:53', '2020-10-30 15:57:53', 0);
INSERT INTO `log` VALUES (355, 'admin1', '223.70.201.178', 1, '登录', 1, '', '', '2020-10-30 15:58:21', '2020-10-30 15:58:21', 0);
INSERT INTO `log` VALUES (356, 'admin1', '223.70.201.178', 1, '退出', 1, '', '', '2020-10-30 15:58:42', '2020-10-30 15:58:42', 0);
INSERT INTO `log` VALUES (357, '匿名用户', '223.70.201.178', 1, '登录', 0, '用户帐号或密码不正确', '', '2020-10-30 15:58:52', '2020-10-30 15:58:52', 0);
INSERT INTO `log` VALUES (358, '匿名用户', '223.70.201.178', 1, '登录', 0, '用户帐号或密码不正确', '', '2020-10-30 15:58:58', '2020-10-30 15:58:58', 0);
INSERT INTO `log` VALUES (359, '匿名用户', '223.70.201.178', 1, '登录', 0, '用户帐号或密码不正确', '', '2020-10-30 15:58:59', '2020-10-30 15:58:59', 0);
INSERT INTO `log` VALUES (360, '匿名用户', '223.70.201.178', 1, '登录', 0, '用户帐号或密码不正确', '', '2020-10-30 15:59:14', '2020-10-30 15:59:14', 0);
INSERT INTO `log` VALUES (361, 'admin2', '223.70.201.178', 1, '登录', 1, '', '', '2020-10-30 15:59:20', '2020-10-30 15:59:20', 0);
INSERT INTO `log` VALUES (362, 'admin2', '223.70.201.178', 1, '删除管理员', 1, 'admin2', '', '2020-10-30 15:59:30', '2020-10-30 15:59:30', 0);
INSERT INTO `log` VALUES (363, 'admin2', '223.70.201.178', 1, '删除管理员', 1, 'admin2', '', '2020-10-30 15:59:32', '2020-10-30 15:59:32', 0);
INSERT INTO `log` VALUES (364, 'admin2', '223.70.201.178', 1, '添加管理员', 1, 'shanghu1', '', '2020-10-30 16:00:07', '2020-10-30 16:00:07', 0);
INSERT INTO `log` VALUES (365, 'admin2', '223.70.201.178', 1, '退出', 1, '', '', '2020-10-30 16:00:12', '2020-10-30 16:00:12', 0);
INSERT INTO `log` VALUES (366, 'shanghu1', '223.70.201.178', 1, '登录', 1, '', '', '2020-10-30 16:00:18', '2020-10-30 16:00:18', 0);
INSERT INTO `log` VALUES (367, 'shanghu1', '223.70.201.178', 1, '退出', 1, '', '', '2020-10-30 16:23:04', '2020-10-30 16:23:04', 0);
INSERT INTO `log` VALUES (368, '匿名用户', '223.70.201.178', 1, '登录', 0, '用户帐号或密码不正确', '', '2020-10-30 16:23:12', '2020-10-30 16:23:12', 0);
INSERT INTO `log` VALUES (369, 'admin1', '223.70.201.178', 1, '登录', 1, '', '', '2020-10-30 16:23:16', '2020-10-30 16:23:16', 0);
INSERT INTO `log` VALUES (370, 'admin1', '223.70.201.178', 1, '退出', 1, '', '', '2020-10-30 16:28:31', '2020-10-30 16:28:31', 0);
INSERT INTO `log` VALUES (371, 'admin1', '223.70.201.178', 1, '登录', 1, '', '', '2020-10-30 16:28:41', '2020-10-30 16:28:41', 0);
INSERT INTO `log` VALUES (372, 'admin1', '223.70.201.178', 1, '退出', 1, '', '', '2020-10-30 16:30:01', '2020-10-30 16:30:01', 0);
INSERT INTO `log` VALUES (373, 'admin1', '223.70.201.178', 1, '登录', 1, '', '', '2020-10-30 16:30:12', '2020-10-30 16:30:12', 0);
INSERT INTO `log` VALUES (374, 'admin1', '223.70.201.178', 1, '登录', 1, '', '', '2020-10-30 16:30:33', '2020-10-30 16:30:33', 0);
INSERT INTO `log` VALUES (375, 'admin1', '223.70.201.178', 1, '登录', 1, '', '', '2020-10-30 16:33:15', '2020-10-30 16:33:15', 0);
INSERT INTO `log` VALUES (376, 'admin1', '223.70.201.178', 1, '登录', 1, '', '', '2020-10-30 16:33:37', '2020-10-30 16:33:37', 0);
INSERT INTO `log` VALUES (377, 'admin1', '223.70.201.178', 1, '登录', 1, '', '', '2020-10-30 16:34:50', '2020-10-30 16:34:50', 0);
INSERT INTO `log` VALUES (378, 'admin1', '223.70.201.178', 1, '退出', 1, '', '', '2020-10-30 16:35:04', '2020-10-30 16:35:04', 0);
INSERT INTO `log` VALUES (379, 'admin1', '223.70.201.178', 1, '登录', 1, '', '', '2020-10-30 16:35:10', '2020-10-30 16:35:10', 0);
INSERT INTO `log` VALUES (380, 'admin1', '223.70.201.178', 1, '退出', 1, '', '', '2020-10-30 16:35:13', '2020-10-30 16:35:13', 0);
INSERT INTO `log` VALUES (381, 'admin1', '223.70.201.178', 1, '登录', 1, '', '', '2020-10-30 16:35:39', '2020-10-30 16:35:39', 0);
INSERT INTO `log` VALUES (382, 'admin1', '223.70.201.178', 1, '退出', 1, '', '', '2020-10-30 16:37:01', '2020-10-30 16:37:01', 0);
INSERT INTO `log` VALUES (383, '匿名用户', '223.70.201.178', 1, '登录', 0, '用户帐号或密码不正确', '', '2020-10-30 16:37:03', '2020-10-30 16:37:03', 0);
INSERT INTO `log` VALUES (384, 'admin1', '223.70.201.178', 1, '登录', 1, '', '', '2020-10-30 16:37:50', '2020-10-30 16:37:50', 0);
INSERT INTO `log` VALUES (385, 'admin1', '223.70.201.178', 1, '退出', 1, '', '', '2020-10-30 16:40:13', '2020-10-30 16:40:13', 0);
INSERT INTO `log` VALUES (386, 'admin1', '223.70.201.178', 1, '登录', 1, '', '', '2020-10-30 16:40:16', '2020-10-30 16:40:16', 0);
INSERT INTO `log` VALUES (387, 'admin1', '223.70.201.178', 1, '退出', 1, '', '', '2020-10-30 16:57:54', '2020-10-30 16:57:54', 0);
INSERT INTO `log` VALUES (388, 'admin1', '223.70.201.178', 1, '登录', 1, '', '', '2020-10-30 16:58:00', '2020-10-30 16:58:00', 0);
INSERT INTO `log` VALUES (389, '匿名用户', '36.106.87.251', 1, '登录', 0, '用户帐号或密码不正确', '', '2020-10-30 18:08:36', '2020-10-30 18:08:36', 0);
INSERT INTO `log` VALUES (390, '匿名用户', '36.106.87.251', 1, '登录', 0, '用户帐号或密码不正确', '', '2020-10-30 18:09:06', '2020-10-30 18:09:06', 0);
INSERT INTO `log` VALUES (391, '匿名用户', '36.106.87.251', 1, '登录', 0, '用户帐号或密码不正确', '', '2020-10-30 18:09:17', '2020-10-30 18:09:17', 0);
INSERT INTO `log` VALUES (392, '匿名用户', '36.106.87.251', 1, '登录', 0, '用户帐号或密码不正确', '', '2020-10-30 18:11:20', '2020-10-30 18:11:20', 0);
INSERT INTO `log` VALUES (393, '匿名用户', '36.106.87.251', 1, '登录', 0, '用户帐号或密码不正确', '', '2020-10-30 18:11:41', '2020-10-30 18:11:41', 0);
INSERT INTO `log` VALUES (394, '匿名用户', '36.106.87.251', 1, '登录', 0, '用户帐号或密码不正确', '', '2020-10-30 18:12:31', '2020-10-30 18:12:31', 0);
INSERT INTO `log` VALUES (395, 'admin123', '36.106.87.251', 1, '登录', 1, '', '', '2020-10-30 18:14:32', '2020-10-30 18:14:32', 0);
INSERT INTO `log` VALUES (396, 'admin1', '36.106.87.251', 1, '登录', 1, '', '', '2020-10-30 18:15:24', '2020-10-30 18:15:24', 0);
INSERT INTO `log` VALUES (397, 'admin1', '0:0:0:0:0:0:0:1', 1, '登录', 1, '', '', '2020-10-30 18:24:37', '2020-10-30 18:24:37', 0);
INSERT INTO `log` VALUES (398, 'admin1', '36.106.87.251', 1, '登录', 1, '', '', '2020-10-30 18:33:47', '2020-10-30 18:33:47', 0);
INSERT INTO `log` VALUES (399, 'admin1', '223.70.201.178', 1, '登录', 1, '', '', '2020-10-31 15:12:23', '2020-10-31 15:12:23', 0);
INSERT INTO `log` VALUES (400, 'admin1', '223.70.201.178', 1, '登录', 1, '', '', '2020-10-31 15:44:00', '2020-10-31 15:44:00', 0);
INSERT INTO `log` VALUES (401, 'admin1', '223.70.201.178', 1, '删除商城', 1, 'admin1', '', '2020-10-31 15:44:54', '2020-10-31 15:44:54', 0);
INSERT INTO `log` VALUES (402, 'admin1', '223.70.201.178', 1, '删除商城', 1, 'admin1', '', '2020-10-31 15:44:55', '2020-10-31 15:44:55', 0);
INSERT INTO `log` VALUES (403, 'admin1', '223.70.201.178', 1, '添加管理员', 1, 'shanhu2', '', '2020-10-31 15:45:56', '2020-10-31 15:45:56', 0);
INSERT INTO `log` VALUES (404, 'admin1', '223.70.201.178', 1, '编辑管理员', 1, 'shanghu2', '', '2020-10-31 15:46:05', '2020-10-31 15:46:05', 0);
INSERT INTO `log` VALUES (405, 'admin1', '223.70.201.178', 1, '删除商城', 1, 'admin1', '', '2020-10-31 15:48:01', '2020-10-31 15:48:01', 0);
INSERT INTO `log` VALUES (406, 'admin1', '223.70.201.178', 1, '删除商城', 1, 'admin1', '', '2020-10-31 15:48:03', '2020-10-31 15:48:03', 0);
INSERT INTO `log` VALUES (407, 'admin1', '223.70.201.178', 1, '删除商城', 1, 'admin1', '', '2020-10-31 15:48:03', '2020-10-31 15:48:03', 0);
INSERT INTO `log` VALUES (408, 'admin1', '223.70.201.178', 1, '退出', 1, '', '', '2020-10-31 15:48:17', '2020-10-31 15:48:17', 0);
INSERT INTO `log` VALUES (409, 'shanghu2', '223.70.201.178', 1, '登录', 1, '', '', '2020-10-31 15:48:23', '2020-10-31 15:48:23', 0);
INSERT INTO `log` VALUES (410, 'shanghu2', '223.70.201.178', 1, '登录', 1, '', '', '2020-10-31 15:51:45', '2020-10-31 15:51:45', 0);
INSERT INTO `log` VALUES (411, 'shanghu2', '223.70.201.178', 1, '退出', 1, '', '', '2020-10-31 15:59:27', '2020-10-31 15:59:27', 0);
INSERT INTO `log` VALUES (412, 'admin1', '223.70.201.178', 1, '登录', 1, '', '', '2020-10-31 15:59:31', '2020-10-31 15:59:31', 0);
INSERT INTO `log` VALUES (413, 'admin1', '223.70.201.178', 1, '退出', 1, '', '', '2020-10-31 16:00:13', '2020-10-31 16:00:13', 0);
INSERT INTO `log` VALUES (414, 'shanghu1', '223.70.201.178', 1, '登录', 1, '', '', '2020-10-31 16:02:23', '2020-10-31 16:02:23', 0);
INSERT INTO `log` VALUES (415, 'shanghu1', '223.70.201.178', 1, '退出', 1, '', '', '2020-10-31 16:02:37', '2020-10-31 16:02:37', 0);
INSERT INTO `log` VALUES (416, 'shanghu2', '223.70.201.178', 1, '登录', 1, '', '', '2020-10-31 16:02:45', '2020-10-31 16:02:45', 0);
INSERT INTO `log` VALUES (417, 'shanghu2', '223.70.201.178', 1, '退出', 1, '', '', '2020-10-31 16:02:56', '2020-10-31 16:02:56', 0);
INSERT INTO `log` VALUES (418, 'shanghu2', '223.70.201.178', 1, '退出', 1, '', '', '2020-10-31 16:09:15', '2020-10-31 16:09:15', 0);
INSERT INTO `log` VALUES (419, 'shanghu1', '223.70.201.178', 1, '登录', 1, '', '', '2020-10-31 16:09:23', '2020-10-31 16:09:23', 0);
INSERT INTO `log` VALUES (420, 'shanghu1', '223.70.201.178', 1, '退出', 1, '', '', '2020-10-31 16:09:36', '2020-10-31 16:09:36', 0);
INSERT INTO `log` VALUES (421, 'admin1', '122.70.153.170', 1, '登录', 1, '', '', '2020-10-31 16:11:17', '2020-10-31 16:11:17', 0);
INSERT INTO `log` VALUES (422, 'admin1', '122.70.153.170', 1, '登录', 1, '', '', '2020-11-01 13:16:31', '2020-11-01 13:16:31', 0);
INSERT INTO `log` VALUES (423, 'admin1', '122.70.153.170', 1, '添加管理员', 1, 'shanghu3', '', '2020-11-01 13:19:14', '2020-11-01 13:19:14', 0);
INSERT INTO `log` VALUES (424, 'admin1', '122.70.153.170', 1, '退出', 1, '', '', '2020-11-01 13:19:22', '2020-11-01 13:19:22', 0);
INSERT INTO `log` VALUES (425, 'shanghu3', '122.70.153.170', 1, '登录', 1, '', '', '2020-11-01 13:19:43', '2020-11-01 13:19:43', 0);
INSERT INTO `log` VALUES (426, 'shanghu3', '122.70.153.170', 1, '退出', 1, '', '', '2020-11-01 13:19:58', '2020-11-01 13:19:58', 0);
INSERT INTO `log` VALUES (427, 'admin1', '122.70.153.170', 1, '登录', 1, '', '', '2020-11-01 13:20:00', '2020-11-01 13:20:00', 0);
INSERT INTO `log` VALUES (428, 'admin1', '122.70.153.170', 1, '退出', 1, '', '', '2020-11-01 13:20:58', '2020-11-01 13:20:58', 0);
INSERT INTO `log` VALUES (429, 'shanghu3', '122.70.153.170', 1, '登录', 1, '', '', '2020-11-01 13:21:07', '2020-11-01 13:21:07', 0);
INSERT INTO `log` VALUES (430, 'shanghu3', '122.70.153.170', 1, '删除商城', 1, 'shanghu3', '', '2020-11-01 13:22:52', '2020-11-01 13:22:52', 0);
INSERT INTO `log` VALUES (431, 'shanghu3', '122.70.153.170', 1, '退出', 1, '', '', '2020-11-01 13:23:09', '2020-11-01 13:23:09', 0);
INSERT INTO `log` VALUES (432, 'admin1', '122.70.153.170', 1, '登录', 1, '', '', '2020-11-01 13:23:14', '2020-11-01 13:23:14', 0);
INSERT INTO `log` VALUES (433, '匿名用户', '36.106.87.251', 1, '登录', 0, '用户帐号或密码不正确', '', '2020-11-01 16:04:27', '2020-11-01 16:04:27', 0);
INSERT INTO `log` VALUES (434, '匿名用户', '36.106.87.251', 1, '登录', 0, '用户帐号或密码不正确', '', '2020-11-01 16:04:33', '2020-11-01 16:04:33', 0);
INSERT INTO `log` VALUES (435, '匿名用户', '36.106.87.251', 1, '登录', 0, '用户帐号或密码不正确', '', '2020-11-01 16:05:02', '2020-11-01 16:05:02', 0);
INSERT INTO `log` VALUES (436, 'shanghu1', '36.106.87.251', 1, '登录', 1, '', '', '2020-11-01 16:05:23', '2020-11-01 16:05:23', 0);
INSERT INTO `log` VALUES (437, 'shanghu1', '36.106.87.251', 1, '登录', 1, '', '', '2020-11-01 16:53:26', '2020-11-01 16:53:26', 0);
INSERT INTO `log` VALUES (438, 'shanghu1', '0:0:0:0:0:0:0:1', 1, '登录', 1, '', '', '2020-11-01 17:15:26', '2020-11-01 17:15:26', 0);
INSERT INTO `log` VALUES (439, 'admin123', '0:0:0:0:0:0:0:1', 1, '登录', 1, '', '', '2020-11-01 17:17:16', '2020-11-01 17:17:16', 0);
INSERT INTO `log` VALUES (440, 'admin123', '0:0:0:0:0:0:0:1', 1, '登录', 1, '', '', '2020-11-01 17:20:36', '2020-11-01 17:20:36', 0);
INSERT INTO `log` VALUES (441, 'shanghu1', '0:0:0:0:0:0:0:1', 1, '登录', 1, '', '', '2020-11-01 17:21:20', '2020-11-01 17:21:20', 0);
INSERT INTO `log` VALUES (442, 'admin123', '0:0:0:0:0:0:0:1', 1, '登录', 1, '', '', '2020-11-01 17:23:49', '2020-11-01 17:23:49', 0);
INSERT INTO `log` VALUES (443, 'shanghu1', '223.70.201.178', 1, '登录', 1, '', '', '2020-11-02 16:45:13', '2020-11-02 16:45:13', 0);
INSERT INTO `log` VALUES (444, 'shanghu1', '223.70.201.178', 1, '退出', 1, '', '', '2020-11-02 16:45:38', '2020-11-02 16:45:38', 0);
INSERT INTO `log` VALUES (445, 'shanghu2', '223.70.201.178', 1, '登录', 1, '', '', '2020-11-02 16:45:45', '2020-11-02 16:45:45', 0);
INSERT INTO `log` VALUES (446, 'admin1', '111.199.233.184', 1, '登录', 1, '', '', '2020-11-02 18:54:11', '2020-11-02 18:54:11', 0);
INSERT INTO `log` VALUES (447, 'shanghu1', '0:0:0:0:0:0:0:1', 1, '登录', 1, '', '', '2020-11-02 21:43:29', '2020-11-02 21:43:29', 0);
INSERT INTO `log` VALUES (448, 'shanghu1', '0:0:0:0:0:0:0:1', 1, '登录', 1, '', '', '2020-11-02 21:48:38', '2020-11-02 21:48:38', 0);
INSERT INTO `log` VALUES (449, 'admin123', '0:0:0:0:0:0:0:1', 1, '登录', 1, '', '', '2020-11-02 21:49:01', '2020-11-02 21:49:01', 0);
INSERT INTO `log` VALUES (450, 'admin123', '0:0:0:0:0:0:0:1', 1, '登录', 1, '', '', '2020-11-02 21:49:04', '2020-11-02 21:49:04', 0);
INSERT INTO `log` VALUES (451, 'admin123', '0:0:0:0:0:0:0:1', 1, '登录', 1, '', '', '2020-11-02 21:52:37', '2020-11-02 21:52:37', 0);
INSERT INTO `log` VALUES (452, 'admin123', '36.106.87.251', 1, '登录', 1, '', '', '2020-11-02 21:59:46', '2020-11-02 21:59:46', 0);
INSERT INTO `log` VALUES (453, 'admin1', '123.119.235.229', 1, '登录', 1, '', '', '2020-11-02 22:47:14', '2020-11-02 22:47:14', 0);
INSERT INTO `log` VALUES (454, 'admin123', '0:0:0:0:0:0:0:1', 1, '登录', 1, '', '', '2020-11-03 10:06:56', '2020-11-03 10:06:56', 0);
INSERT INTO `log` VALUES (455, 'shanghu1', '223.70.201.178', 1, '登录', 1, '', '', '2020-11-03 10:10:43', '2020-11-03 10:10:43', 0);
INSERT INTO `log` VALUES (456, 'shanghu1', '223.70.201.178', 1, '退出', 1, '', '', '2020-11-03 10:10:54', '2020-11-03 10:10:54', 0);
INSERT INTO `log` VALUES (457, 'shanghu2', '223.70.201.178', 1, '登录', 1, '', '', '2020-11-03 10:11:01', '2020-11-03 10:11:01', 0);
INSERT INTO `log` VALUES (458, 'admin123', '0:0:0:0:0:0:0:1', 1, '登录', 1, '', '', '2020-11-03 10:17:01', '2020-11-03 10:17:01', 0);
INSERT INTO `log` VALUES (459, 'admin123', '0:0:0:0:0:0:0:1', 1, '登录', 1, '', '', '2020-11-03 10:17:11', '2020-11-03 10:17:11', 0);
INSERT INTO `log` VALUES (460, 'shanghu2', '223.70.201.178', 1, '退出', 1, '', '', '2020-11-03 10:22:32', '2020-11-03 10:22:32', 0);
INSERT INTO `log` VALUES (461, 'admin1', '223.70.201.178', 1, '登录', 1, '', '', '2020-11-03 10:22:37', '2020-11-03 10:22:37', 0);
INSERT INTO `log` VALUES (462, 'admin1', '223.70.201.178', 1, '退出', 1, '', '', '2020-11-03 10:25:59', '2020-11-03 10:25:59', 0);
INSERT INTO `log` VALUES (463, 'shanghu2', '223.70.201.178', 1, '登录', 1, '', '', '2020-11-03 10:26:08', '2020-11-03 10:26:08', 0);
INSERT INTO `log` VALUES (464, 'admin123', '0:0:0:0:0:0:0:1', 1, '登录', 1, '', '', '2020-11-03 10:51:43', '2020-11-03 10:51:43', 0);
INSERT INTO `log` VALUES (465, 'shanghu1', '0:0:0:0:0:0:0:1', 1, '登录', 1, '', '', '2020-11-03 10:51:56', '2020-11-03 10:51:56', 0);
INSERT INTO `log` VALUES (466, 'admin123', '0:0:0:0:0:0:0:1', 1, '登录', 1, '', '', '2020-11-03 10:54:03', '2020-11-03 10:54:03', 0);
INSERT INTO `log` VALUES (467, 'shanghu1', '0:0:0:0:0:0:0:1', 1, '登录', 1, '', '', '2020-11-03 10:59:13', '2020-11-03 10:59:13', 0);
INSERT INTO `log` VALUES (468, 'shanghu1', '0:0:0:0:0:0:0:1', 1, '登录', 1, '', '', '2020-11-03 11:02:35', '2020-11-03 11:02:35', 0);
INSERT INTO `log` VALUES (469, 'shanghu1', '0:0:0:0:0:0:0:1', 1, '登录', 1, '', '', '2020-11-03 11:12:51', '2020-11-03 11:12:51', 0);
INSERT INTO `log` VALUES (470, 'shanghu1', '0:0:0:0:0:0:0:1', 1, '登录', 1, '', '', '2020-11-03 11:15:51', '2020-11-03 11:15:51', 0);
INSERT INTO `log` VALUES (471, 'shanghu1', '0:0:0:0:0:0:0:1', 1, '登录', 1, '', '', '2020-11-03 11:23:09', '2020-11-03 11:23:09', 0);
INSERT INTO `log` VALUES (472, 'shanghu1', '0:0:0:0:0:0:0:1', 1, '登录', 1, '', '', '2020-11-03 11:24:56', '2020-11-03 11:24:56', 0);
INSERT INTO `log` VALUES (473, 'shanghu1', '0:0:0:0:0:0:0:1', 1, '登录', 1, '', '', '2020-11-03 11:27:00', '2020-11-03 11:27:00', 0);
INSERT INTO `log` VALUES (474, 'admin1', '223.70.201.178', 1, '登录', 1, '', '', '2020-11-04 13:58:23', '2020-11-04 13:58:23', 0);
INSERT INTO `log` VALUES (475, 'admin123', '223.70.201.178', 1, '登录', 1, '', '', '2020-11-04 14:03:04', '2020-11-04 14:03:04', 0);
INSERT INTO `log` VALUES (476, 'admin1', '223.70.201.178', 1, '退出', 1, '', '', '2020-11-04 14:05:17', '2020-11-04 14:05:17', 0);
INSERT INTO `log` VALUES (477, 'admin1', '223.70.201.178', 1, '登录', 1, '', '', '2020-11-04 14:05:20', '2020-11-04 14:05:20', 0);
INSERT INTO `log` VALUES (478, 'admin1', '223.70.201.178', 1, '退出', 1, '', '', '2020-11-04 14:05:24', '2020-11-04 14:05:24', 0);
INSERT INTO `log` VALUES (479, 'shanghu2', '223.70.201.178', 1, '登录', 1, '', '', '2020-11-04 14:05:30', '2020-11-04 14:05:30', 0);
INSERT INTO `log` VALUES (480, 'shanghu2', '223.70.201.178', 1, '退出', 1, '', '', '2020-11-04 14:51:13', '2020-11-04 14:51:13', 0);
INSERT INTO `log` VALUES (481, 'admin1', '223.70.201.178', 1, '登录', 1, '', '', '2020-11-04 14:51:16', '2020-11-04 14:51:16', 0);
INSERT INTO `log` VALUES (482, 'admin1', '223.70.201.178', 1, '退出', 1, '', '', '2020-11-04 14:51:30', '2020-11-04 14:51:30', 0);
INSERT INTO `log` VALUES (483, 'shanghu2', '223.70.201.178', 1, '登录', 1, '', '', '2020-11-04 14:51:37', '2020-11-04 14:51:37', 0);
INSERT INTO `log` VALUES (484, 'shanghu2', '223.70.201.178', 1, '退出', 1, '', '', '2020-11-04 14:57:20', '2020-11-04 14:57:20', 0);
INSERT INTO `log` VALUES (485, 'shanghu1', '223.70.201.178', 1, '登录', 1, '', '', '2020-11-04 14:57:28', '2020-11-04 14:57:28', 0);
INSERT INTO `log` VALUES (486, 'shanghu1', '223.70.201.178', 1, '退出', 1, '', '', '2020-11-04 14:57:34', '2020-11-04 14:57:34', 0);
INSERT INTO `log` VALUES (487, 'shanghu2', '223.70.201.178', 1, '登录', 1, '', '', '2020-11-04 14:57:43', '2020-11-04 14:57:43', 0);
INSERT INTO `log` VALUES (488, 'shanghu2', '223.70.201.178', 1, '退出', 1, '', '', '2020-11-04 14:57:48', '2020-11-04 14:57:48', 0);
INSERT INTO `log` VALUES (489, 'admin1', '223.70.201.178', 1, '登录', 1, '', '', '2020-11-04 14:57:49', '2020-11-04 14:57:49', 0);
INSERT INTO `log` VALUES (490, 'admin1', '223.70.201.178', 1, '登录', 1, '', '', '2020-11-04 15:53:20', '2020-11-04 15:53:20', 0);
INSERT INTO `log` VALUES (491, 'admin1', '223.70.201.178', 1, '登录', 1, '', '', '2020-11-04 17:35:44', '2020-11-04 17:35:44', 0);
INSERT INTO `log` VALUES (492, 'admin1', '123.119.236.79', 1, '登录', 1, '', '', '2020-11-13 19:55:17', '2020-11-13 19:55:17', 0);
INSERT INTO `log` VALUES (493, 'admin1', '123.119.236.79', 1, '逻辑删除素材分组', 1, 'admin1', '', '2020-11-13 21:17:09', '2020-11-13 21:17:09', 0);
INSERT INTO `log` VALUES (494, 'admin1', '123.119.236.79', 1, '逻辑删除素材分组', 1, 'admin1', '', '2020-11-13 21:37:10', '2020-11-13 21:37:10', 0);
INSERT INTO `log` VALUES (495, 'admin1', '123.119.236.79', 1, '物理删除素材分组', 1, 'admin1', '', '2020-11-13 21:41:53', '2020-11-13 21:41:53', 0);

-- ----------------------------
-- Table structure for mall
-- ----------------------------
DROP TABLE IF EXISTS `mall`;
CREATE TABLE `mall`  (
  `id` varchar(40) CHARACTER SET utf8mb4 COLLATE utf8mb4_0900_ai_ci NOT NULL COMMENT '主键',
  `mall_name` varchar(255) CHARACTER SET utf8mb4 COLLATE utf8mb4_0900_ai_ci NULL DEFAULT NULL COMMENT '商城名称',
  `phone` varchar(255) CHARACTER SET utf8mb4 COLLATE utf8mb4_0900_ai_ci NULL DEFAULT NULL COMMENT '联系电话',
  `avatar` varchar(255) CHARACTER SET utf8mb4 COLLATE utf8mb4_0900_ai_ci NULL DEFAULT NULL COMMENT '商城头像',
  `app_id` varchar(40) CHARACTER SET utf8mb4 COLLATE utf8mb4_0900_ai_ci NULL DEFAULT NULL COMMENT '小程序id',
  `create_on` timestamp(0) NULL DEFAULT CURRENT_TIMESTAMP(0) COMMENT '创建时间',
  `create_by` varchar(255) CHARACTER SET utf8mb4 COLLATE utf8mb4_unicode_ci NULL DEFAULT NULL COMMENT '创建人',
  `update_on` timestamp(0) NULL DEFAULT NULL ON UPDATE CURRENT_TIMESTAMP(0) COMMENT '修改时间',
  `update_by` varchar(255) CHARACTER SET utf8mb4 COLLATE utf8mb4_unicode_ci NULL DEFAULT NULL COMMENT '修改人',
  `deleted` tinyint(1) NULL DEFAULT 0 COMMENT '逻辑删除 0:未删除,1已删除',
  PRIMARY KEY (`id`) USING BTREE
) ENGINE = InnoDB CHARACTER SET = utf8mb4 COLLATE = utf8mb4_0900_ai_ci COMMENT = '商城表' ROW_FORMAT = Dynamic;

-- ----------------------------
-- Records of mall
-- ----------------------------
INSERT INTO `mall` VALUES ('005852f1cbb348678100eae11bf19ce9', '测试后', '123', NULL, '7341b5be6c1c45f5bd72659318f34949', '2020-11-04 06:51:25', 'admin1', '2020-11-04 10:02:15', NULL, 0);
INSERT INTO `mall` VALUES ('02493510d8e04212bed9d554a6f96a35', '酷仔商城', '11111', NULL, '964b74b0b90745b08005d1b3b7803a4d', '2020-11-01 05:20:41', 'admin1', '2020-11-04 06:58:04', NULL, 0);
INSERT INTO `mall` VALUES ('025f666980084a8f978214f9d2bf3b6a', NULL, NULL, NULL, NULL, '2020-10-23 07:04:23', 'admin123', '2020-10-28 12:27:10', NULL, 0);
INSERT INTO `mall` VALUES ('031b2be68a44490d93c4f55c9be229a4', NULL, NULL, NULL, NULL, '2020-10-23 07:03:23', 'admin123', '2020-10-28 12:27:10', NULL, 0);
INSERT INTO `mall` VALUES ('21a9391e6b164ad3b9cdf9259c5c8916', '123', '12', NULL, NULL, '2020-10-23 09:26:27', 'admin123', '2020-10-30 01:25:22', NULL, 1);
INSERT INTO `mall` VALUES ('2411d379ff1d486cb281926e26887dd2', '测试商户二', NULL, NULL, NULL, '2020-10-23 08:38:22', 'admin123', '2020-10-30 01:25:15', NULL, 1);
INSERT INTO `mall` VALUES ('2c40c99fceeb47d78b51a91202becffd', '商城2', '123', NULL, NULL, '2020-10-30 07:34:16', 'admin1', '2020-10-31 07:44:54', NULL, 1);
INSERT INTO `mall` VALUES ('2e870bf85b1d4295831b4d34b998a0d0', '测试1', '1231', NULL, NULL, '2020-10-30 01:27:24', 'admin123', '2020-10-30 03:38:43', 'admin123', 1);
INSERT INTO `mall` VALUES ('3b4f8a1f2aad488f8357b13c591c2065', '测试商户一', NULL, NULL, NULL, '2020-10-23 07:09:10', 'admin123', '2020-10-28 12:27:10', NULL, 0);
INSERT INTO `mall` VALUES ('434713542e004b83b9f00d6b75ca7132', '这是修改的tjq', '131', 'avatar', NULL, '2020-10-28 09:26:53', '这是修改的人', '2020-10-30 01:25:23', 'admin123', 1);
INSERT INTO `mall` VALUES ('449c05b326a04ce3be23754131edb566', '3123', '123', NULL, NULL, '2020-10-28 15:16:20', 'admin123', '2020-10-30 01:19:23', 'admin123', 1);
INSERT INTO `mall` VALUES ('5b537f2173ad413da1ee8df5d67da15a', '13', '123', NULL, NULL, '2020-10-28 09:25:28', 'admin123', '2020-10-30 01:25:22', NULL, 1);
INSERT INTO `mall` VALUES ('5c959fef0e754792a878145d1f6798bc', '测试商城2', NULL, NULL, '11', '2020-10-21 14:05:45', 'admin123', '2020-10-28 12:27:10', NULL, 0);
INSERT INTO `mall` VALUES ('6e6aceba2ed14abca31b50aa1b331dd6', '测试商城2', NULL, NULL, '11', '2020-10-21 14:07:14', 'admin123', '2020-10-28 12:27:10', NULL, 0);
INSERT INTO `mall` VALUES ('78b98b038c2347fb8328372bcfbb1ea7', '测试商城1', '1', '1', '11223344', '2020-10-21 21:54:24', '1', '2020-10-28 12:27:10', '1', 0);
INSERT INTO `mall` VALUES ('7c29d3e5d4a6499797a8bfc730e6acdb', '测试商城2', NULL, NULL, '11', '2020-10-21 14:06:21', 'admin123', '2020-10-28 12:27:10', NULL, 0);
INSERT INTO `mall` VALUES ('817f7a8a21d54ef5b9cae59af54de5b0', NULL, NULL, NULL, NULL, '2020-10-23 09:15:22', 'admin123', '2020-10-30 01:25:21', NULL, 1);
INSERT INTO `mall` VALUES ('84617f813c2c4ee89f0d4f5207cc375f', 'test', '13502116979', NULL, NULL, '2020-10-23 07:07:38', 'admin123', NULL, NULL, 0);
INSERT INTO `mall` VALUES ('846810d253b748ab8c39d4aee77f4a13', '12312', '1321', NULL, NULL, '2020-10-28 09:27:22', 'admin123', '2020-10-30 01:25:24', 'admin123', 1);
INSERT INTO `mall` VALUES ('84f1b74cb78f4ad6bbfde97b31bc9240', '测试商城2', NULL, NULL, '11', '2020-10-21 14:05:51', 'admin123', '2020-10-28 12:27:10', NULL, 0);
INSERT INTO `mall` VALUES ('89a6e98fbb9d4ebbba067b9bb7d03db2', '123', NULL, NULL, NULL, '2020-10-23 07:21:55', 'admin123', '2020-10-28 12:27:10', NULL, 0);
INSERT INTO `mall` VALUES ('9b5c616fae7647f88b74d69e990b75bc', '酷仔2', '1111', NULL, NULL, '2020-11-01 05:20:53', 'admin1', '2020-11-01 05:22:51', NULL, 1);
INSERT INTO `mall` VALUES ('9d81ec51a4dc4ac4b6929d9e2e62a45f', '酷仔韩记', '13502152339', NULL, '07291ee5d3374535a5323997dd6b2709', '2020-10-31 07:46:49', 'admin1', '2020-11-03 02:26:23', NULL, 0);
INSERT INTO `mall` VALUES ('9e05689b19ae4178a42ae83b0dc08c08', '123', '123', NULL, '28bf8ba419b64aa4838c3dc892b0e920', '2020-11-04 06:05:09', 'admin1', '2020-11-04 06:12:45', NULL, 0);
INSERT INTO `mall` VALUES ('a8dec8b0f8ab444781b2c481de0d0130', '123', NULL, NULL, NULL, '2020-10-23 07:21:28', 'admin123', '2020-10-28 12:27:10', NULL, 0);
INSERT INTO `mall` VALUES ('baa1421da570464ba4420338e93b09c8', '中国化学集团', '13502116979', NULL, NULL, '2020-10-30 07:32:13', 'admin1', '2020-10-31 07:44:55', NULL, 1);
INSERT INTO `mall` VALUES ('c748e9c00e094c81bb557e3d528e854a', '123132', '123', NULL, NULL, '2020-10-29 12:30:58', 'admin123', '2020-10-30 03:38:45', 'admin123', 1);
INSERT INTO `mall` VALUES ('ca4dff4b257a4990ae26c5a057a9a797', NULL, NULL, NULL, NULL, '2020-10-23 06:52:06', 'admin123', '2020-10-28 12:27:10', NULL, 0);
INSERT INTO `mall` VALUES ('f14ff2dbf54f4cffbd71c8b3fef3b5bb', '12312321', '1232131', NULL, NULL, '2020-10-29 07:18:13', 'admin123', '2020-10-30 01:19:18', 'admin123', 1);
INSERT INTO `mall` VALUES ('f6ff2fc8b81d4971a654d80524b6305e', '中国化学集团', '13502116979', NULL, '42a6f930cc264fcb8464d9d45fec2614', '2020-10-31 07:46:31', 'admin1', '2020-11-03 02:17:19', NULL, 0);
INSERT INTO `mall` VALUES ('ffeb56d0a0704f399b1dee6920f04246', '测试商城三', NULL, NULL, NULL, '2020-10-23 09:09:30', 'admin123', '2020-10-30 01:25:14', NULL, 1);

-- ----------------------------
-- Table structure for mall_manager
-- ----------------------------
DROP TABLE IF EXISTS `mall_manager`;
CREATE TABLE `mall_manager`  (
  `id` varchar(40) CHARACTER SET utf8mb4 COLLATE utf8mb4_0900_ai_ci NOT NULL COMMENT '主键id',
  `mall_id` varchar(40) CHARACTER SET utf8mb4 COLLATE utf8mb4_0900_ai_ci NULL DEFAULT NULL COMMENT '商城id',
  `manager_id` int(0) NULL DEFAULT NULL COMMENT '管理员id',
  PRIMARY KEY (`id`) USING BTREE
) ENGINE = InnoDB CHARACTER SET = utf8mb4 COLLATE = utf8mb4_0900_ai_ci ROW_FORMAT = Dynamic;

-- ----------------------------
-- Records of mall_manager
-- ----------------------------
INSERT INTO `mall_manager` VALUES ('04707ff014c445588df28ea499c55ec8', '5b537f2173ad413da1ee8df5d67da15a', 10);
INSERT INTO `mall_manager` VALUES ('0ba4839eb7e5423792d428376d29396e', 'ffeb56d0a0704f399b1dee6920f04246', 1);
INSERT INTO `mall_manager` VALUES ('2124a319d8744438b1d6b64ba2ebdf10', '3b4f8a1f2aad488f8357b13c591c2065', 7);
INSERT INTO `mall_manager` VALUES ('3b0cdd6fffc94c0fa56a07f199d1fa4f', 'f14ff2dbf54f4cffbd71c8b3fef3b5bb', 12);
INSERT INTO `mall_manager` VALUES ('3c3888bbba664137b7ec44691787b3f9', '005852f1cbb348678100eae11bf19ce9', 20);
INSERT INTO `mall_manager` VALUES ('3c4211a56c4e4d4382934033d1b9ac59', 'a8dec8b0f8ab444781b2c481de0d0130', 1);
INSERT INTO `mall_manager` VALUES ('3cf305f5f5c646a1bee96887af344f17', '846810d253b748ab8c39d4aee77f4a13', 10);
INSERT INTO `mall_manager` VALUES ('5836fbb1152142dc9fe7489eefbcc0b2', '6e6aceba2ed14abca31b50aa1b331dd6', 10);
INSERT INTO `mall_manager` VALUES ('5979f23118ac45b086440cf7b5d6cc69', '9d81ec51a4dc4ac4b6929d9e2e62a45f', 20);
INSERT INTO `mall_manager` VALUES ('5c98d078737f4872b2777572e6a6ac71', 'baa1421da570464ba4420338e93b09c8', 18);
INSERT INTO `mall_manager` VALUES ('5eed4e6f7a8344908c5cb2069280482c', '846810d253b748ab8c39d4aee77f4a13', 8);
INSERT INTO `mall_manager` VALUES ('61e5a8f67f774192bb4005993eaf514f', '02493510d8e04212bed9d554a6f96a35', 21);
INSERT INTO `mall_manager` VALUES ('6363ad6107c549f494050e3e697e2197', '2e870bf85b1d4295831b4d34b998a0d0', 10);
INSERT INTO `mall_manager` VALUES ('6b670ca827c24551b67c82bd5ec7e008', 'c748e9c00e094c81bb557e3d528e854a', 12);
INSERT INTO `mall_manager` VALUES ('6c7985d350bc47c18678fb0d13adea65', '449c05b326a04ce3be23754131edb566', 12);
INSERT INTO `mall_manager` VALUES ('79857f124c5e4bbfaea3694701325a86', '78b98b038c2347fb8328372bcfbb1ea7', 1);
INSERT INTO `mall_manager` VALUES ('7d76073c68f644f9bab0e8a613f22a91', '7c29d3e5d4a6499797a8bfc730e6acdb', 1);
INSERT INTO `mall_manager` VALUES ('882bcb7fbc7b436eaf1c4f49ac4decdd', 'ffeb56d0a0704f399b1dee6920f04246', 2);
INSERT INTO `mall_manager` VALUES ('952f34e7c1b74d8a87ec4eb8b9462331', '434713542e004b83b9f00d6b75ca7132', 10);
INSERT INTO `mall_manager` VALUES ('998c246486d3480581c4675fbc93bde8', '9b5c616fae7647f88b74d69e990b75bc', 21);
INSERT INTO `mall_manager` VALUES ('9fa89fe7e76f43748594d91fb7823a2d', '5b537f2173ad413da1ee8df5d67da15a', 12);
INSERT INTO `mall_manager` VALUES ('a41114cf9fb148c09f3cb8202f953821', '21a9391e6b164ad3b9cdf9259c5c8916', 6);
INSERT INTO `mall_manager` VALUES ('a5d41c79b1974e298a27e75cf250f506', '84617f813c2c4ee89f0d4f5207cc375f', 6);
INSERT INTO `mall_manager` VALUES ('b6aa6fad029046cda7f8c31944d2b887', '6e6aceba2ed14abca31b50aa1b331dd6', 9);
INSERT INTO `mall_manager` VALUES ('bb5e4a2e772a4db584168f9092c27421', '84f1b74cb78f4ad6bbfde97b31bc9240', 1);
INSERT INTO `mall_manager` VALUES ('be69289cfa6b484090b64877abae7f63', '9e05689b19ae4178a42ae83b0dc08c08', 20);
INSERT INTO `mall_manager` VALUES ('bfb40ca259f740478ac9419b7ac56164', 'f6ff2fc8b81d4971a654d80524b6305e', 19);
INSERT INTO `mall_manager` VALUES ('cb18193a733e4c2991ab3dab9ddcd8d9', '434713542e004b83b9f00d6b75ca7132', 8);
INSERT INTO `mall_manager` VALUES ('ce00ff5f41644afbae505bdd664dc5de', '2411d379ff1d486cb281926e26887dd2', 2);
INSERT INTO `mall_manager` VALUES ('d49858c73d90432685a26f68fc9559e0', '89a6e98fbb9d4ebbba067b9bb7d03db2', 1);
INSERT INTO `mall_manager` VALUES ('d730bf5884b94fcba0e15b236f2bd6d3', '89a6e98fbb9d4ebbba067b9bb7d03db2', 2);
INSERT INTO `mall_manager` VALUES ('d8e5e3f98f434fd093994135fa6d172b', '3b4f8a1f2aad488f8357b13c591c2065', 6);
INSERT INTO `mall_manager` VALUES ('de353fc2d9e649c3a8886065507d62e7', 'a8dec8b0f8ab444781b2c481de0d0130', 13);
INSERT INTO `mall_manager` VALUES ('e2f7f5b95f4649388c802e2c0d200fc6', '2c40c99fceeb47d78b51a91202becffd', 17);
INSERT INTO `mall_manager` VALUES ('e50b022e82d34ab9af36c6f939600123', 'f14ff2dbf54f4cffbd71c8b3fef3b5bb', 10);
INSERT INTO `mall_manager` VALUES ('e97fea831320492ca446f517e17ebef8', '78b98b038c2347fb8328372bcfbb1ea7', 2);
INSERT INTO `mall_manager` VALUES ('f5ce870b3e854489b335628db288b78f', '2411d379ff1d486cb281926e26887dd2', 1);
INSERT INTO `mall_manager` VALUES ('f735f9aa1e644f8b8d20811fdc5d6fa0', '817f7a8a21d54ef5b9cae59af54de5b0', 12);

-- ----------------------------
-- Table structure for manager
-- ----------------------------
DROP TABLE IF EXISTS `manager`;
CREATE TABLE `manager`  (
  `id` int(0) NOT NULL AUTO_INCREMENT,
  `username` varchar(63) CHARACTER SET utf8mb4 COLLATE utf8mb4_0900_ai_ci NOT NULL DEFAULT '' COMMENT '账号',
  `password` varchar(63) CHARACTER SET utf8mb4 COLLATE utf8mb4_0900_ai_ci NOT NULL DEFAULT '' COMMENT '密码',
  `avatar` varchar(255) CHARACTER SET utf8mb4 COLLATE utf8mb4_0900_ai_ci NULL DEFAULT '\'' COMMENT '头像图片',
  `age` int(0) NULL DEFAULT NULL COMMENT '年龄',
  `sex` int(0) NULL DEFAULT 0 COMMENT '0女1男',
  `phone` varchar(255) CHARACTER SET utf8mb4 COLLATE utf8mb4_unicode_ci NULL DEFAULT NULL COMMENT '手机',
  `email` varchar(255) CHARACTER SET utf8mb4 COLLATE utf8mb4_unicode_ci NULL DEFAULT NULL COMMENT '邮箱',
  `nick_name` varchar(255) CHARACTER SET utf8mb4 COLLATE utf8mb4_0900_ai_ci NULL DEFAULT NULL COMMENT '昵称',
  `add_time` datetime(0) NULL DEFAULT NULL COMMENT '创建时间',
  `update_time` datetime(0) NULL DEFAULT NULL COMMENT '更新时间',
  `deleted` tinyint(1) NULL DEFAULT 0 COMMENT '逻辑删除',
  `type` varchar(8) CHARACTER SET utf8mb4 COLLATE utf8mb4_0900_ai_ci NULL DEFAULT NULL COMMENT '用户类型：\'0\':管理员；\'1\':商户',
  `role_ids` varchar(127) CHARACTER SET utf8mb4 COLLATE utf8mb4_0900_ai_ci NULL DEFAULT '[]' COMMENT '角色列表',
  `last_login_ip` varchar(63) CHARACTER SET utf8mb4 COLLATE utf8mb4_0900_ai_ci NULL DEFAULT '' COMMENT '最近一次登录IP地址',
  `last_login_time` datetime(0) NULL DEFAULT NULL COMMENT '最近一次登录时间',
  PRIMARY KEY (`id`) USING BTREE
) ENGINE = InnoDB AUTO_INCREMENT = 22 CHARACTER SET = utf8mb4 COLLATE = utf8mb4_0900_ai_ci COMMENT = '管理员表' ROW_FORMAT = Dynamic;

-- ----------------------------
-- Records of manager
-- ----------------------------
INSERT INTO `manager` VALUES (1, 'admin123', '$2a$10$JoxXH9F/9ybVSvpaDweBf.spVfw35iOuODsl2rOpfuBx1xuPkZadK', '', NULL, 0, NULL, NULL, 'admin123', '2018-02-01 00:00:00', '2020-11-04 14:03:04', 0, '0', '[1]', '223.70.201.178', '2020-11-04 14:03:04');
INSERT INTO `manager` VALUES (4, 'promotion123', '$2a$10$wDZLOLLnzZ1EFZ3ldZ1XFOUWDEX6TnQCUFdJz4g.PoMaLTzS8TjWq', '', NULL, 0, NULL, NULL, 'promotion123', '2019-01-07 15:16:59', '2020-09-20 17:53:41', 1, '1', '[3]', '192.168.2.4', '2020-09-20 17:53:41');
INSERT INTO `manager` VALUES (5, 'mall123', '$2a$10$aCtsc4rG6KmxQ59.IkYse.oRyKuwQoU2CPCmxSdB.d5nXq6aw/z4O', '', NULL, 0, NULL, NULL, 'mall123', '2019-01-07 15:17:25', '2020-09-20 17:48:39', 1, '1', '[2]', '192.168.2.4', '2020-09-20 17:48:39');
INSERT INTO `manager` VALUES (6, 'mall111', '$2a$10$BSqDeYCBdlix//AuEYQyiOENGhakEKKxtiigXXJl7axS8XBVZl3fm', '\'', NULL, 0, NULL, NULL, 'mall111', '2020-10-20 23:24:53', '2020-10-28 20:39:22', 1, '1', '[4]', '0:0:0:0:0:0:0:1', '2020-10-28 20:39:22');
INSERT INTO `manager` VALUES (7, 'mall222', '$2a$10$jr0YFZ5EHLrz4f0YXzSetOrJersbJjtYATkU897HWrtBzs0/JYpu6', '\'', NULL, 0, NULL, NULL, 'mall222', '2020-10-23 17:07:41', '2020-10-23 17:07:41', 1, '1', '[4]', '', NULL);
INSERT INTO `manager` VALUES (8, 'shanghu1', '$2a$10$gRNSrmydAybCE3WF0A86seU.mPoa2hZTLK0urDzwh1YSwRJ/RKAym', '\'', NULL, 0, '13502116979', NULL, '商户1', '2020-10-26 20:49:57', '2020-10-28 17:23:11', 1, '1', '[4]', '223.70.201.178', '2020-10-28 17:23:11');
INSERT INTO `manager` VALUES (9, 'admin111', '$2a$10$Nkq7sKKw8s/a/SZXPBVQLefisVcWpMMfY5YwvzsKAMHJIIerYEWwu', '\'', NULL, 0, NULL, NULL, '111', '2020-10-26 22:27:48', '2020-10-26 22:27:48', 1, '1', '[4]', '', NULL);
INSERT INTO `manager` VALUES (10, 'shanghu2', '$2a$10$Ob9e9n8THEkdxrSEbLTOC.wcn/tQyTmBZAcCR7d1LnbH8hzp8.Rka', '\'', NULL, 0, '13502116970', NULL, '商户2', '2020-10-28 14:44:18', '2020-10-28 14:46:56', 1, '1', '[4]', '', NULL);
INSERT INTO `manager` VALUES (11, 'shanghu3', '$2a$10$WDy0sQ81aYk93g4J8lMWeOHvl6x10K6X52P9ycOj8zFwTWgeAXIAq', '\'', NULL, 0, NULL, NULL, '商户3', '2020-10-28 14:58:48', '2020-10-28 14:58:48', 1, NULL, '[4]', '', NULL);
INSERT INTO `manager` VALUES (12, 'shanghu3', '$2a$10$lBP8W098n/Gni1mY7UQYv.HfLeoqv.qTRHONJenF6MDQAS1SWGytu', '\'', NULL, 0, '13502116979', NULL, '商户三', '2020-10-28 16:40:14', '2020-10-28 16:40:14', 1, '1', '[4]', '', NULL);
INSERT INTO `manager` VALUES (13, 'admin2', '$2a$10$C/vYEWIwo4eKmemkQ0JVDOQFqUdaUa438eq.iLHTgsiATch7j2Vpq', '\'', NULL, 0, '13502116979', NULL, '管理员二', '2020-10-28 16:45:04', '2020-10-28 16:52:11', 1, '0', '[1]', '223.70.201.178', '2020-10-28 16:52:11');
INSERT INTO `manager` VALUES (14, 'admin11323', '$2a$10$39kkMtrVxbC9NALfufDfmuoEnE7iKrdsSpk5d9GqSJNeMpkTpu.DW', '\'', NULL, 0, '123', NULL, '123', '2020-10-30 09:39:44', '2020-10-30 09:39:44', 1, '1', '[]', '', NULL);
INSERT INTO `manager` VALUES (15, 'admin1', '$2a$10$erFeS8zzX9KuvJQSMVOL5Otu8kRcH15QD7ugHAEDiV0MXcGKXjtHO', '\'', NULL, 0, '135021160979', NULL, '超级管理员1', '2020-10-30 11:41:01', '2020-11-13 19:55:17', 0, '0', '[1]', '123.119.236.79', '2020-11-13 19:55:17');
INSERT INTO `manager` VALUES (16, 'admin2', '$2a$10$p5EPeMX0orwEIgNLJg4Rg./GtICrRelyCH4gjDsgvUVkmHWm8zH.W', '\'', NULL, 0, '13502116979', NULL, '超级管理员2', '2020-10-30 11:41:45', '2020-10-30 15:59:20', 0, '0', '[1]', '223.70.201.178', '2020-10-30 15:59:20');
INSERT INTO `manager` VALUES (17, 'shanghu1', '$2a$10$WktLLoscq0pp.MRT7DJ6bOiVLhdme4HpoeGapqM5r1lL4fTgAiIYK', '\'', NULL, 0, '13502116979', NULL, '酷仔韩记', '2020-10-30 15:31:05', '2020-10-30 15:31:05', 1, '1', '[4]', '', NULL);
INSERT INTO `manager` VALUES (18, 'shanghu2', '$2a$10$oJ7WlyTJfOve0IUXAxleFe337icIerzORQ1irtyhb1F2U9wzPtZCW', '\'', NULL, 0, '13502116979', NULL, '中国化学工程集团', '2020-10-30 15:31:38', '2020-10-30 15:31:52', 1, '1', '[4]', '', NULL);
INSERT INTO `manager` VALUES (19, 'shanghu1', '$2a$10$qRndvyd/IS6SneYo5PVbreW1AW1TahdLsdc3uxE/nQixCZEq/ozsy', '\'', NULL, 0, '123123132123', NULL, '中国化学管理员', '2020-10-30 16:00:07', '2020-11-04 14:57:28', 0, '1', '[4]', '223.70.201.178', '2020-11-04 14:57:28');
INSERT INTO `manager` VALUES (20, 'shanghu2', '$2a$10$gCDyXhy/ufnMB.uXlkJIjusP1LHq81iGf48UAy71ba6YgUOfDmAr.', '\'', NULL, 0, '13502116979', NULL, '酷仔韩记', '2020-10-31 15:45:55', '2020-11-04 14:57:43', 0, '1', '[4]', '223.70.201.178', '2020-11-04 14:57:43');
INSERT INTO `manager` VALUES (21, 'shanghu3', '$2a$10$wTa4xAHyjAQo51.Sz3fg/eGo1ZVvMs9gRa.dPNxH43mU4M6tFdbVy', '\'', NULL, 0, '13502116979', NULL, '酷仔', '2020-11-01 13:19:14', '2020-11-01 13:21:07', 0, '1', '[4]', '122.70.153.170', '2020-11-01 13:21:07');

-- ----------------------------
-- Table structure for material
-- ----------------------------
DROP TABLE IF EXISTS `material`;
CREATE TABLE `material`  (
  `id` varchar(40) CHARACTER SET utf8mb4 COLLATE utf8mb4_0900_ai_ci NOT NULL COMMENT '主键',
  `name` varchar(255) CHARACTER SET utf8mb4 COLLATE utf8mb4_0900_ai_ci NULL DEFAULT NULL COMMENT '分组名称',
  `type` varchar(8) CHARACTER SET utf8mb4 COLLATE utf8mb4_0900_ai_ci NULL DEFAULT '0' COMMENT '分组类型 \'0\':picture;\'1\':video',
  `create_on` timestamp(0) NULL DEFAULT CURRENT_TIMESTAMP(0) COMMENT '创建时间',
  `create_by` varchar(255) CHARACTER SET utf8mb4 COLLATE utf8mb4_unicode_ci NULL DEFAULT NULL COMMENT '创建人',
  `update_on` timestamp(0) NULL DEFAULT NULL ON UPDATE CURRENT_TIMESTAMP(0) COMMENT '修改时间',
  `update_by` varchar(255) CHARACTER SET utf8mb4 COLLATE utf8mb4_unicode_ci NULL DEFAULT NULL COMMENT '修改人',
  `deleted` tinyint(1) NULL DEFAULT 0 COMMENT '逻辑删除 0:未删除,1已删除',
  `app_id` varchar(40) CHARACTER SET utf8mb4 COLLATE utf8mb4_0900_ai_ci NULL DEFAULT NULL COMMENT '小程序id',
  PRIMARY KEY (`id`) USING BTREE
) ENGINE = InnoDB CHARACTER SET = utf8mb4 COLLATE = utf8mb4_0900_ai_ci COMMENT = '素材管理表' ROW_FORMAT = Dynamic;

-- ----------------------------
-- Records of material
-- ----------------------------
INSERT INTO `material` VALUES ('221505f35f7746898f93164468f60d42', '123', '0', '2020-11-13 12:10:43', 'admin1', '2020-11-13 13:17:08', NULL, 1, '7341b5be6c1c45f5bd72659318f34949');
INSERT INTO `material` VALUES ('517a8fd95d254b0685409c106818512e', '素材分组3', '0', '2020-11-02 14:00:07', 'admin123', NULL, NULL, 0, 'appId123456789');
INSERT INTO `material` VALUES ('5818a883c4014d01a4d374d441aae9eb', '素材分组2修改', '0', '2020-11-02 13:53:06', 'admin123', '2020-11-02 13:54:20', 'admin123', 0, 'appId0987');
INSERT INTO `material` VALUES ('89394588a4f041949b962964f2834069', '素材分组一', '0', '2020-11-02 13:50:15', 'admin123', NULL, NULL, 0, 'appId1123123');
INSERT INTO `material` VALUES ('b5989c83b59d48019d3ecc64994a0df6', '1321321', '0', '2020-11-13 13:16:51', 'admin1', '2020-11-13 13:55:47', 'admin1', 0, '7341b5be6c1c45f5bd72659318f34949');

-- ----------------------------
-- Table structure for material_storage
-- ----------------------------
DROP TABLE IF EXISTS `material_storage`;
CREATE TABLE `material_storage`  (
  `id` varchar(40) CHARACTER SET utf8mb4 COLLATE utf8mb4_0900_ai_ci NOT NULL COMMENT '主键id',
  `material_id` varchar(40) CHARACTER SET utf8mb4 COLLATE utf8mb4_0900_ai_ci NULL DEFAULT NULL COMMENT '素材管理表id',
  `storage_id` varchar(40) CHARACTER SET utf8mb4 COLLATE utf8mb4_0900_ai_ci NULL DEFAULT NULL COMMENT '文件存储表id',
  PRIMARY KEY (`id`) USING BTREE
) ENGINE = InnoDB CHARACTER SET = utf8mb4 COLLATE = utf8mb4_0900_ai_ci ROW_FORMAT = Dynamic;

-- ----------------------------
-- Table structure for permission
-- ----------------------------
DROP TABLE IF EXISTS `permission`;
CREATE TABLE `permission`  (
  `id` int(0) NOT NULL AUTO_INCREMENT,
  `role_id` int(0) NULL DEFAULT NULL COMMENT '角色ID',
  `permission` varchar(63) CHARACTER SET utf8mb4 COLLATE utf8mb4_0900_ai_ci NULL DEFAULT NULL COMMENT '权限',
  `add_time` datetime(0) NULL DEFAULT NULL COMMENT '创建时间',
  `update_time` datetime(0) NULL DEFAULT NULL COMMENT '更新时间',
  `deleted` tinyint(1) NULL DEFAULT 0 COMMENT '逻辑删除',
  PRIMARY KEY (`id`) USING BTREE
) ENGINE = InnoDB AUTO_INCREMENT = 60 CHARACTER SET = utf8mb4 COLLATE = utf8mb4_0900_ai_ci COMMENT = '权限表' ROW_FORMAT = Dynamic;

-- ----------------------------
-- Records of permission
-- ----------------------------
INSERT INTO `permission` VALUES (1, 1, '*', '2019-01-01 00:00:00', '2019-01-01 00:00:00', 0);
INSERT INTO `permission` VALUES (2, 2, 'admin:category:read', '2019-01-07 15:18:53', '2019-01-07 15:18:53', 0);
INSERT INTO `permission` VALUES (3, 2, 'admin:category:update', '2019-01-07 15:18:53', '2019-01-07 15:18:53', 0);
INSERT INTO `permission` VALUES (4, 2, 'admin:category:delete', '2019-01-07 15:18:53', '2019-01-07 15:18:53', 0);
INSERT INTO `permission` VALUES (5, 2, 'admin:category:create', '2019-01-07 15:18:53', '2019-01-07 15:18:53', 0);
INSERT INTO `permission` VALUES (6, 2, 'admin:category:list', '2019-01-07 15:18:53', '2019-01-07 15:18:53', 0);
INSERT INTO `permission` VALUES (7, 2, 'admin:brand:create', '2019-01-07 15:18:53', '2019-01-07 15:18:53', 0);
INSERT INTO `permission` VALUES (8, 2, 'admin:brand:list', '2019-01-07 15:18:53', '2019-01-07 15:18:53', 0);
INSERT INTO `permission` VALUES (9, 2, 'admin:brand:delete', '2019-01-07 15:18:53', '2019-01-07 15:18:53', 0);
INSERT INTO `permission` VALUES (10, 2, 'admin:brand:read', '2019-01-07 15:18:53', '2019-01-07 15:18:53', 0);
INSERT INTO `permission` VALUES (11, 2, 'admin:brand:update', '2019-01-07 15:18:53', '2019-01-07 15:18:53', 0);
INSERT INTO `permission` VALUES (12, 3, 'admin:ad:list', '2019-01-07 15:18:57', '2019-01-07 15:18:57', 0);
INSERT INTO `permission` VALUES (13, 3, 'admin:ad:delete', '2019-01-07 15:18:57', '2019-01-07 15:18:57', 0);
INSERT INTO `permission` VALUES (14, 3, 'admin:ad:create', '2019-01-07 15:18:57', '2019-01-07 15:18:57', 0);
INSERT INTO `permission` VALUES (15, 3, 'admin:ad:update', '2019-01-07 15:18:57', '2019-01-07 15:18:57', 0);
INSERT INTO `permission` VALUES (16, 3, 'admin:ad:read', '2019-01-07 15:18:57', '2019-01-07 15:18:57', 0);
INSERT INTO `permission` VALUES (17, 3, 'admin:groupon:list', '2019-01-07 15:18:57', '2019-01-07 15:18:57', 0);
INSERT INTO `permission` VALUES (18, 3, 'admin:groupon:update', '2019-01-07 15:18:57', '2019-01-07 15:18:57', 0);
INSERT INTO `permission` VALUES (19, 3, 'admin:groupon:create', '2019-01-07 15:18:57', '2019-01-07 15:18:57', 0);
INSERT INTO `permission` VALUES (20, 3, 'admin:groupon:read', '2019-01-07 15:18:57', '2019-01-07 15:18:57', 0);
INSERT INTO `permission` VALUES (21, 3, 'admin:groupon:delete', '2019-01-07 15:18:57', '2019-01-07 15:18:57', 0);
INSERT INTO `permission` VALUES (22, 3, 'admin:topic:create', '2019-01-07 15:18:57', '2019-01-07 15:18:57', 0);
INSERT INTO `permission` VALUES (23, 3, 'admin:topic:read', '2019-01-07 15:18:57', '2019-01-07 15:18:57', 0);
INSERT INTO `permission` VALUES (24, 3, 'admin:topic:list', '2019-01-07 15:18:57', '2019-01-07 15:18:57', 0);
INSERT INTO `permission` VALUES (25, 3, 'admin:topic:delete', '2019-01-07 15:18:57', '2019-01-07 15:18:57', 0);
INSERT INTO `permission` VALUES (26, 3, 'admin:topic:update', '2019-01-07 15:18:57', '2019-01-07 15:18:57', 0);
INSERT INTO `permission` VALUES (27, 3, 'admin:coupon:list', '2019-01-07 15:18:57', '2019-01-07 15:18:57', 0);
INSERT INTO `permission` VALUES (28, 3, 'admin:coupon:delete', '2019-01-07 15:18:57', '2019-01-07 15:18:57', 0);
INSERT INTO `permission` VALUES (29, 3, 'admin:coupon:read', '2019-01-07 15:18:57', '2019-01-07 15:18:57', 0);
INSERT INTO `permission` VALUES (30, 3, 'admin:coupon:create', '2019-01-07 15:18:57', '2019-01-07 15:18:57', 0);
INSERT INTO `permission` VALUES (31, 3, 'admin:coupon:update', '2019-01-07 15:18:57', '2019-01-07 15:18:57', 0);
INSERT INTO `permission` VALUES (32, 4, 'admin:user:detail', '2020-10-26 22:11:27', '2020-10-26 22:11:27', 1);
INSERT INTO `permission` VALUES (33, 4, 'admin:user:update', '2020-10-26 22:11:27', '2020-10-26 22:11:27', 1);
INSERT INTO `permission` VALUES (34, 4, 'admin:user:list', '2020-10-26 22:11:27', '2020-10-26 22:11:27', 1);
INSERT INTO `permission` VALUES (35, 4, 'admin:mall:update', '2020-10-26 22:11:27', '2020-10-26 22:11:27', 1);
INSERT INTO `permission` VALUES (36, 4, 'admin:mall:list', '2020-10-26 22:11:27', '2020-10-26 22:11:27', 1);
INSERT INTO `permission` VALUES (37, 4, 'admin:mall:read', '2020-10-26 22:11:27', '2020-10-26 22:11:27', 1);
INSERT INTO `permission` VALUES (38, 4, 'admin:mall:delete', '2020-10-26 22:11:27', '2020-10-26 22:11:27', 1);
INSERT INTO `permission` VALUES (39, 4, 'admin:mall:create', '2020-10-26 22:11:27', '2020-10-26 22:11:27', 1);
INSERT INTO `permission` VALUES (40, 4, 'admin:mini:product', '2020-10-26 22:11:27', '2020-10-26 22:11:27', 1);
INSERT INTO `permission` VALUES (41, 4, 'admin:mini:list', '2020-10-26 22:11:27', '2020-10-26 22:11:27', 1);
INSERT INTO `permission` VALUES (42, 4, 'admin:user:detail', '2020-11-03 10:23:03', '2020-11-03 10:23:03', 0);
INSERT INTO `permission` VALUES (43, 4, 'admin:user:update', '2020-11-03 10:23:03', '2020-11-03 10:23:03', 0);
INSERT INTO `permission` VALUES (44, 4, 'admin:user:list', '2020-11-03 10:23:03', '2020-11-03 10:23:03', 0);
INSERT INTO `permission` VALUES (45, 4, 'admin:applet:update', '2020-11-03 10:23:03', '2020-11-03 10:23:03', 0);
INSERT INTO `permission` VALUES (46, 4, 'admin:applet:read', '2020-11-03 10:23:03', '2020-11-03 10:23:03', 0);
INSERT INTO `permission` VALUES (47, 4, 'admin:applet:create', '2020-11-03 10:23:03', '2020-11-03 10:23:03', 0);
INSERT INTO `permission` VALUES (48, 4, 'admin:mall:update', '2020-11-03 10:23:03', '2020-11-03 10:23:03', 0);
INSERT INTO `permission` VALUES (49, 4, 'admin:mall:read', '2020-11-03 10:23:03', '2020-11-03 10:23:03', 0);
INSERT INTO `permission` VALUES (50, 4, 'admin:mall:delete', '2020-11-03 10:23:03', '2020-11-03 10:23:03', 0);
INSERT INTO `permission` VALUES (51, 4, 'admin:mall:list', '2020-11-03 10:23:03', '2020-11-03 10:23:03', 0);
INSERT INTO `permission` VALUES (52, 4, 'admin:mall:create', '2020-11-03 10:23:03', '2020-11-03 10:23:03', 0);
INSERT INTO `permission` VALUES (53, 4, 'admin:material:logicalDelete', '2020-11-03 10:23:03', '2020-11-03 10:23:03', 0);
INSERT INTO `permission` VALUES (54, 4, 'admin:material:update', '2020-11-03 10:23:03', '2020-11-03 10:23:03', 0);
INSERT INTO `permission` VALUES (55, 4, 'admin:material:delete', '2020-11-03 10:23:03', '2020-11-03 10:23:03', 0);
INSERT INTO `permission` VALUES (56, 4, 'admin:material:create', '2020-11-03 10:23:03', '2020-11-03 10:23:03', 0);
INSERT INTO `permission` VALUES (57, 4, 'admin:material:list', '2020-11-03 10:23:03', '2020-11-03 10:23:03', 0);
INSERT INTO `permission` VALUES (58, 4, 'admin:mini:product', '2020-11-03 10:23:03', '2020-11-03 10:23:03', 0);
INSERT INTO `permission` VALUES (59, 4, 'admin:mini:list', '2020-11-03 10:23:03', '2020-11-03 10:23:03', 0);

-- ----------------------------
-- Table structure for role
-- ----------------------------
DROP TABLE IF EXISTS `role`;
CREATE TABLE `role`  (
  `id` int(0) NOT NULL AUTO_INCREMENT,
  `name` varchar(63) CHARACTER SET utf8mb4 COLLATE utf8mb4_0900_ai_ci NOT NULL COMMENT '角色名称',
  `desc` varchar(1023) CHARACTER SET utf8mb4 COLLATE utf8mb4_0900_ai_ci NULL DEFAULT NULL COMMENT '角色描述',
  `enabled` tinyint(1) NULL DEFAULT 1 COMMENT '是否启用',
  `add_time` datetime(0) NULL DEFAULT NULL COMMENT '创建时间',
  `update_time` datetime(0) NULL DEFAULT NULL COMMENT '更新时间',
  `deleted` tinyint(1) NULL DEFAULT 0 COMMENT '逻辑删除',
  PRIMARY KEY (`id`) USING BTREE,
  UNIQUE INDEX `name_UNIQUE`(`name`) USING BTREE
) ENGINE = InnoDB AUTO_INCREMENT = 5 CHARACTER SET = utf8mb4 COLLATE = utf8mb4_0900_ai_ci COMMENT = '角色表' ROW_FORMAT = Dynamic;

-- ----------------------------
-- Records of role
-- ----------------------------
INSERT INTO `role` VALUES (1, '超级管理员', '所有模块的权限', 1, '2019-01-01 00:00:00', '2019-01-01 00:00:00', 0);
INSERT INTO `role` VALUES (2, '商场管理员', '只有商场模块的操作权限', 1, '2019-01-01 00:00:00', '2019-01-07 15:15:12', 1);
INSERT INTO `role` VALUES (3, '推广管理员', '只有推广模块的操作权限', 1, '2019-01-01 00:00:00', '2019-01-07 15:15:24', 1);
INSERT INTO `role` VALUES (4, '商户', '商户角色', 1, '2020-10-20 23:24:33', '2020-10-26 22:22:54', 0);

-- ----------------------------
-- Table structure for storage
-- ----------------------------
DROP TABLE IF EXISTS `storage`;
CREATE TABLE `storage`  (
  `id` varchar(40) CHARACTER SET utf8mb4 COLLATE utf8mb4_0900_ai_ci NOT NULL,
  `key` varchar(63) CHARACTER SET utf8mb4 COLLATE utf8mb4_0900_ai_ci NOT NULL COMMENT '文件的唯一索引',
  `name` varchar(255) CHARACTER SET utf8mb4 COLLATE utf8mb4_0900_ai_ci NOT NULL COMMENT '文件名',
  `type` varchar(20) CHARACTER SET utf8mb4 COLLATE utf8mb4_0900_ai_ci NOT NULL COMMENT '文件类型',
  `size` int(0) NOT NULL COMMENT '文件大小',
  `url` varchar(255) CHARACTER SET utf8mb4 COLLATE utf8mb4_0900_ai_ci NULL DEFAULT NULL COMMENT '文件访问链接',
  `create_on` timestamp(0) NULL DEFAULT CURRENT_TIMESTAMP(0) COMMENT '创建时间',
  `create_by` varchar(255) CHARACTER SET utf8mb4 COLLATE utf8mb4_unicode_ci NULL DEFAULT NULL COMMENT '创建人',
  `update_on` timestamp(0) NULL DEFAULT NULL ON UPDATE CURRENT_TIMESTAMP(0) COMMENT '修改时间',
  `update_by` varchar(255) CHARACTER SET utf8mb4 COLLATE utf8mb4_unicode_ci NULL DEFAULT NULL COMMENT '修改人',
  `deleted` tinyint(1) NULL DEFAULT 0 COMMENT '逻辑删除 0:未删除,1已删除',
  `app_id` varchar(40) CHARACTER SET utf8mb4 COLLATE utf8mb4_0900_ai_ci NULL DEFAULT NULL COMMENT '小程序id',
  PRIMARY KEY (`id`) USING BTREE,
  INDEX `key`(`key`) USING BTREE
) ENGINE = InnoDB CHARACTER SET = utf8mb4 COLLATE = utf8mb4_0900_ai_ci COMMENT = '文件存储表' ROW_FORMAT = Dynamic;

-- ----------------------------
-- Table structure for user
-- ----------------------------
DROP TABLE IF EXISTS `user`;
CREATE TABLE `user`  (
  `id` int(0) NOT NULL AUTO_INCREMENT,
  `username` varchar(63) CHARACTER SET utf8mb4 COLLATE utf8mb4_0900_ai_ci NOT NULL COMMENT '用户名称',
  `password` varchar(63) CHARACTER SET utf8mb4 COLLATE utf8mb4_0900_ai_ci NOT NULL DEFAULT '' COMMENT '用户密码',
  `gender` tinyint(0) NOT NULL DEFAULT 0 COMMENT '性别：0 未知， 1男， 1 女',
  `birthday` date NULL DEFAULT NULL COMMENT '生日',
  `last_login_time` datetime(0) NULL DEFAULT NULL COMMENT '最近一次登录时间',
  `last_login_ip` varchar(63) CHARACTER SET utf8mb4 COLLATE utf8mb4_0900_ai_ci NOT NULL DEFAULT '' COMMENT '最近一次登录IP地址',
  `user_level` tinyint(0) NULL DEFAULT 0 COMMENT '0 普通用户，1 VIP用户，2 高级VIP用户',
  `nickname` varchar(63) CHARACTER SET utf8mb4 COLLATE utf8mb4_0900_ai_ci NOT NULL DEFAULT '' COMMENT '用户昵称或网络名称',
  `mobile` varchar(20) CHARACTER SET utf8mb4 COLLATE utf8mb4_0900_ai_ci NOT NULL DEFAULT '' COMMENT '用户手机号码',
  `avatar` varchar(255) CHARACTER SET utf8mb4 COLLATE utf8mb4_0900_ai_ci NOT NULL DEFAULT '' COMMENT '用户头像图片',
  `weixin_openid` varchar(63) CHARACTER SET utf8mb4 COLLATE utf8mb4_0900_ai_ci NOT NULL DEFAULT '' COMMENT '微信登录openid',
  `session_key` varchar(100) CHARACTER SET utf8mb4 COLLATE utf8mb4_0900_ai_ci NOT NULL DEFAULT '' COMMENT '微信登录会话KEY',
  `status` tinyint(0) NOT NULL DEFAULT 0 COMMENT '0 可用, 1 禁用, 2 注销',
  `add_time` datetime(0) NULL DEFAULT NULL COMMENT '创建时间',
  `update_time` datetime(0) NULL DEFAULT NULL COMMENT '更新时间',
  `deleted` tinyint(1) NULL DEFAULT 0 COMMENT '逻辑删除 0:未删除,1已删除',
  PRIMARY KEY (`id`) USING BTREE,
  UNIQUE INDEX `user_name`(`username`) USING BTREE
) ENGINE = InnoDB AUTO_INCREMENT = 1 CHARACTER SET = utf8mb4 COLLATE = utf8mb4_0900_ai_ci COMMENT = '用户表' ROW_FORMAT = Dynamic;

-- ----------------------------
-- Records of user
-- ----------------------------
INSERT INTO `user` VALUES (1, 'user123', '$2a$10$lTu9qi0hr19OC800Db.eludFr0AXuJUSrMHi/iPYhKRlPFeqJxlye', 1, NULL, '2019-04-20 22:17:43', '0:0:0:0:0:0:0:1', 0, 'user123', '', '', '', '', 0, '2019-04-20 22:17:43', '2019-04-20 22:17:43', 0);

SET FOREIGN_KEY_CHECKS = 1;
